Trade Name Description,Trade Name Status
28 DERBY BAKERY & CAFE,ACTIVE
ACE HARDWARE,ACTIVE
ALL ABOUT BAKING,ACTIVE
CHOCOLATE LOVERS,ACTIVE
COMMISSARY,ACTIVE
COOKS EXCHANGE,ACTIVE
CRATE & BARREL,ACTIVE
DAISO,ACTIVE
FREEZER BURN,INACTIVE
FRESH OPTION,ACTIVE
FUN & MART,ACTIVE
GOURDO'S,ACTIVE
HABITAT,ACTIVE
HI-TOP SUPERMART,ACTIVE
JAPAN HOME CENTRE,ACTIVE
KITAYAMA MEAT SHOP,ACTIVE
LANDMARK DEPARTMENT STORE,ACTIVE
LANDMARK SUPERMARKET,ACTIVE
LE PETIT SOUFFLE,ACTIVE
MAKATI SUPERMARKET,ACTIVE
MAKATI SUPERMART,ACTIVE
MALL OF KITCHEN,ACTIVE
MERCURY DRUG,ACTIVE
METRO SUPERMARKET,ACTIVE
MK KITCHEN EQUIPMENT,ACTIVE
MODLIVING FURNISHINGS,ACTIVE
NATIONAL BOOK STORE,ACTIVE
OFFICE WAREHOUSE,ACTIVE
PIONEER SUPERMARKET,ACTIVE
POISON,ACTIVE
PUREGOLD SUPERMARKET,ACTIVE
ROBINSONS DEPARTMENT STORE,ACTIVE
ROBINSONS SUPERMARKET,ACTIVE
RUSTAN'S DEPARTMENT STORE,ACTIVE
RUSTAN'S SUPERMARKET,ACTIVE
S&R MEMBERSHIP SHOPPING,ACTIVE
SANTIS DELICATESSEN,ACTIVE
SAVEMORE MARKET,ACTIVE
SCOUT'S HONOR,ACTIVE
SHOPWISE,ACTIVE
SM APPLIANCE CENTER,ACTIVE
SM DEPARTMENT STORE,ACTIVE
SM SUPERMARKET,ACTIVE
TRUE VALUE,ACTIVE
UNIMART,ACTIVE
WALTERMART SUPERMARKET,ACTIVE
WORKSHOP,ACTIVE
