Category Description,Subcategory Code,Subcategory Description,Status
ADDITIVES,ADD-CUB,ADD-CUBES,ACTIVE
ADDITIVES,ADD-FLP,ADD-FLAVORING PASTE,ACTIVE
ADDITIVES,ADD-LIE,ADD-LIQUID EXTRACT,ACTIVE
ADDITIVES,ADD-LIF,ADD-LIQUID FLAVORING,ACTIVE
ADDITIVES,ADD-LFC,ADD-LIQUID FOOD COLORING,ACTIVE
ADDITIVES,ADD-PST,ADD-PASTE,ACTIVE
ADDITIVES,ADD-PWD,ADD-POWDER,ACTIVE
ADDITIVES,ADD-STB,ADD-STABILIZER,ACTIVE
ADDITIVES,ADD-SGR,ADD-SUGAR,ACTIVE
ADDITIVES,ADD-SYR,ADD-SYRUP,ACTIVE
ALCOHOLIC DRINKS,ALD-BEE,ALD-BEER,ACTIVE
ALCOHOLIC DRINKS,ALD-BRN,ALD-BRANDY,ACTIVE
ALCOHOLIC DRINKS,ALD-CHM,ALD-CHAMPAGNE,ACTIVE
ALCOHOLIC DRINKS,ALD-GIN,ALD-GIN,ACTIVE
ALCOHOLIC DRINKS,ALD-LAM,ALD-LAMBANOG,ACTIVE
ALCOHOLIC DRINKS,ALD-RUM,ALD-RHUM,ACTIVE
ALCOHOLIC DRINKS,ALD-SKE,ALD-SAKE,ACTIVE
ALCOHOLIC DRINKS,ALD-SHO,ALD-SHOCHU,ACTIVE
ALCOHOLIC DRINKS,ALD-SOJ,ALD-SOJU,ACTIVE
ALCOHOLIC DRINKS,ALD-TEQ,ALD-TEQUILA,ACTIVE
ALCOHOLIC DRINKS,ALD-VDK,ALD-VODKA,ACTIVE
ALCOHOLIC DRINKS,ALD-WHI,ALD-WHISKY,ACTIVE
ALCOHOLIC DRINKS,ALD-WNE,ALD-WINE,ACTIVE
BAR SUPPLIES,BAR-CKS,BAR-COCKTAIL STRAINER,ACTIVE
BAR SUPPLIES,BAR-KNB,BAR-KNOCK BOX,ACTIVE
BAR SUPPLIES,BAR-TMP,BAR-TAMPER,ACTIVE
BEEF,BEF-ASP,BEF-ASSORTED PARTS,ACTIVE
BEEF,BEF-BSK,BEF-BRISKET,ACTIVE
BEEF,BEF-BRB,BEF-BRISKET BONE,ACTIVE
BEEF,BEF-CHU,BEF-CHUCK EYE ROLL,ACTIVE
BEEF,BEF-COB,BEF-CORNED BEEF,ACTIVE
BEEF,BEF-FAT,BEF-FAT,ACTIVE
BEEF,BEF-FLK,BEF-FLANK,ACTIVE
BEEF,BEF-GRB,BEF-GROUND BEEF,ACTIVE
BEEF,BEF-HAT,BEF-HANGING TENDER,ACTIVE
BEEF,BEF-KLT,BEF-KALITIRAN,ACTIVE
BEEF,BEF-MTB,BEF-MEATBALLS,ACTIVE
BEEF,BEF-PTR,BEF-PASTRAMI,ACTIVE
BEEF,BEF-PTY,BEF-PATTY,ACTIVE
BEEF,BEF-RER,BEF-RIB EYE ROLL,ACTIVE
BEEF,BEF-SLM,BEF-SALAMI,ACTIVE
BEEF,BEF-SHK,BEF-SHANK,ACTIVE
BEEF,BEF-SHP,BEF-SHORT PLATE,ACTIVE
BEEF,BEF-SHR,BEF-SHORT RIBS,ACTIVE
BEEF,BEF-SIR,BEF-SIRLOIN,ACTIVE
BEEF,BEF-STP,BEF-STRIPLOIN,ACTIVE
BEEF,BEF-TDL,BEF-TENDERLOIN,ACTIVE
BEEF,BEF-TEN,BEF-TENDON,ACTIVE
BEEF,BEF-TRB,BEF-TOP ROUND,ACTIVE
BIN,BIN-ICE,BIN-ICE,ACTIVE
BISCUIT/CRACKER,BIS-CKE,BIS-COOKIE,ACTIVE
BISCUIT/CRACKER,BIS-PWD,BIS-POWDER,ACTIVE
BISCUIT/CRACKER,BIS-PTZ,BIS-PRETZEL,ACTIVE
BISCUIT/CRACKER,BIS-WFS,BIS-WAFER STICKS,ACTIVE
BISCUIT/CRACKER,BIS-WHL,BIS-WHOLE,ACTIVE
BAKING INGREDIENTS,BKI-DST,BKI-DUSTING,ACTIVE
BAKING INGREDIENTS,BKI-GEL,BKI-GELATINE LEAVES,ACTIVE
BAKING INGREDIENTS,BKI-GLZ,BKI-GLAZE,ACTIVE
BAKING INGREDIENTS,BKI-ICG,BKI-ICING,ACTIVE
BAKING INGREDIENTS,BKI-MRS,BKI-MARSHMALLOWS,ACTIVE
BAKING INGREDIENTS,BKI-PST,BKI-PASTE,ACTIVE
BAKING INGREDIENTS,BKI-PLN,BKI-PLANT,ACTIVE
BAKING INGREDIENTS,BKI-SPR,BKI-SPRAY,ACTIVE
BAKING INGREDIENTS,BKI-SPK,BKI-SPRINKLES,ACTIVE
BAKING INGREDIENTS,BKI-YST,BKI-YEAST,ACTIVE
BEANS,BNS-ATS,BNS-ATSUETE,ACTIVE
BEANS,BNS-BEA,BNS-BEAN SPROUT,ACTIVE
BEANS,BNS-CFE,BNS-COFFEE,ACTIVE
BEANS,BNS-EDA,BNS-EDAMAME,ACTIVE
BEANS,BNS-KDN,BNS-KIDNEY,ACTIVE
BEANS,BNS-MGB,BNS-MUNG BEAN,ACTIVE
BEANS,BNS-SNP,BNS-SNAP PEA,ACTIVE
BEANS,BNS-SYB,BNS-SOY BEAN,ACTIVE
BREAD,BRD-BSC,BRD-BISCOTTI,ACTIVE
BREAD,BRD-BUN,BRD-BUNS,ACTIVE
BREAD,BRD-CNL,BRD-CANELE,ACTIVE
BREAD,BRD-CRS,BRD-CROISSANT,ACTIVE
BREAD,BRD-CRU,BRD-CRUMBS,ACTIVE
BREAD,BRD-DNR,BRD-DINNER ROLL,ACTIVE
BREAD,BRD-DGB,BRD-DOUGH BALLS,ACTIVE
BREAD,BRD-LOA,BRD-LOAF,ACTIVE
BREAD,BRD-MDL,BRD-MADELEINES,ACTIVE
BREAD,BRD-PTA,BRD-PITA,ACTIVE
BREAD,BRD-PUF,BRD-PUFF PASTRY,ACTIVE
BREAD,BRD-RYE,BRD-RYE,ACTIVE
BREAD,BRD-WFL,BRD-WAFFLE,ACTIVE
BREAST,BRS-FRS,BRS-FRESH,ACTIVE
CONDIMENT,CDM-TMK,CDM-KETCHUP,ACTIVE
CONDIMENT,CDM-MYN,CDM-MAYONNAISE,ACTIVE
CONDIMENT,CDM-MRN,CDM-MIRIN,ACTIVE
CONDIMENT,CDM-MST,CDM-MUSTARD,ACTIVE
CONDIMENT,CDM-PST,CDM-PASTE,ACTIVE
CHOCOLATE,CHC-BAR,CHC-BAR,ACTIVE
CHOCOLATE,CHC-BNS,CHC-BEANS,ACTIVE
CHOCOLATE,CHC-CHP,CHC-CHIPS,ACTIVE
CHOCOLATE,CHC-COI,CHC-COINS,ACTIVE
CHOCOLATE,CHC-CUP,CHC-CUPS,ACTIVE
CHOCOLATE,CHC-PWD,CHC-POWDER,ACTIVE
CHOCOLATE,CHC-SYR,CHC-SYRUP,ACTIVE
CHICKEN,CHI-ASP,CHI-ASSORTED PARTS,ACTIVE
CHICKEN,CHI-BBN,CHI-BACKBONE,ACTIVE
CHICKEN,CHI-BRS,CHI-BREAST,ACTIVE
CHICKEN,CHI-DRS,CHI-DRESSED,ACTIVE
CHICKEN,CHI-EGG,CHI-EGG,ACTIVE
CHICKEN,CHI-FAT,CHI-FAT,ACTIVE
CHICKEN,CHI-FEE,CHI-FEET,ACTIVE
CHICKEN,CHI-GZR,CHI-GIZZARD,ACTIVE
CHICKEN,CHI-GRC,CHI-GROUND CHICKEN,ACTIVE
CHICKEN,CHI-HDB,CHI-HEADBONE,ACTIVE
CHICKEN,CHI-HRT,CHI-HEART,ACTIVE
CHICKEN,CHI-KRG,CHI-KARAAGE,ACTIVE
CHICKEN,CHI-KDN,CHI-KIDNEY,ACTIVE
CHICKEN,CHI-LEG,CHI-LEG,ACTIVE
CHICKEN,CHI-LVR,CHI-LIVER,ACTIVE
CHICKEN,CHI-MTB,CHI-MEATBALLS,ACTIVE
CHICKEN,CHI-NCK,CHI-NECK,ACTIVE
CHICKEN,CHI-NGT,CHI-NUGGETS,ACTIVE
CHICKEN,CHI-SKN,CHI-SKIN,ACTIVE
CHICKEN,CHI-THI,CHI-THIGH,ACTIVE
CHICKEN,CHI-WNG,CHI-WINGS,ACTIVE
CHICKEN,CHK-INT,CHK-INTESTINE,ACTIVE
CHIPS,CHP-CRN,CHP-CORN,ACTIVE
CHIPS,CHP-DRD,CHP-DRIED,ACTIVE
CHIPS,CHP-POT,CHP-POTATO,ACTIVE
CLEANING CHEMICALS,CLC-APC,CLC-ALL PURPOSE CLEANER,ACTIVE
CLEANING CHEMICALS,CLC-DWC,CLC-DISHWASHING CLEANER,ACTIVE
CLEANING CHEMICALS,CLC-DIS,CLC-DISINFECTANT SPRAY,ACTIVE
CLEANING CHEMICALS,CLC-EMC,CLC-ESPRESSO MACHINE CLEANER,ACTIVE
CLEANING CHEMICALS,CLC-FPW,CLC-FILTER POWDER,ACTIVE
CLEANING CHEMICALS,CLC-FTC,CLC-FLOOR TILE CLEANER,ACTIVE
CLEANING CHEMICALS,CLC-FNP,CLC-FURNITURE POLISH,ACTIVE
CLEANING CHEMICALS,CLC-HAS,CLC-HAND SANITIZER,ACTIVE
CLEANING CHEMICALS,CLC-LHS,CLC-LIQUID HAND SOAP,ACTIVE
CLEANING CHEMICALS,CLC-MUA,CLC-MURIATIC ACID,ACTIVE
CLEANING CHEMICALS,CLC-OVC,CLC-OVEN CLEANER,ACTIVE
CLEANING CHEMICALS,CLC-PWD,CLC-POWDER,ACTIVE
CLEANING SUPPLIES,CLS-BRM,CLS-BROOM,ACTIVE
CLEANING SUPPLIES,CLS-BRS,CLS-BRUSH,ACTIVE
CLEANING SUPPLIES,CLS-CLC,CLS-CLEANING CLOTH,ACTIVE
CLEANING SUPPLIES,CLS-DSP,CLS-DUST PAN,ACTIVE
CLEANING SUPPLIES,CLS-FED,CLS-FEATHER DUSTER,ACTIVE
CLEANING SUPPLIES,CLS-FLS,CLS-FLOOR SQUEEGEE,ACTIVE
CLEANING SUPPLIES,CLS-GDH,CLS-GARDENING HOSE,ACTIVE
CLEANING SUPPLIES,CLS-GLS,CLS-GLASS SQUEEGEE,ACTIVE
CLEANING SUPPLIES,CLS-HDB,CLS-HAND BROOM,ACTIVE
CLEANING SUPPLIES,CLS-MPB,CLS-MOP BUCKET,ACTIVE
CLEANING SUPPLIES,CLS-MPH,CLS-MOP HANDLE,ACTIVE
CLEANING SUPPLIES,CLS-MHD,CLS-MOP HEAD,ACTIVE
CLEANING SUPPLIES,CLS-SHV,CLS-SHOVEL,ACTIVE
CLEANING SUPPLIES,CLS-SPG,CLS-SPONGE,ACTIVE
CLEANING SUPPLIES,CLS-SPR,CLS-SPRAYER,ACTIVE
CLEANING SUPPLIES,CLS-SQH,CLS-SQUEEGEE HANDLE,ACTIVE
CLEANING SUPPLIES,CLS-STB,CLS-STEEL BRUSH,ACTIVE
CLEANING SUPPLIES,CLS-THK,CLS-TOOL HOLDER KIT,ACTIVE
CLEANING SUPPLIES,CLS-TRB,CLS-TRASH BIN,ACTIVE
CLEANING SUPPLIES,CLS-WTD,CLS-WATER DIPPER,ACTIVE
CLEANING SUPPLIES,CLS-WTP,CLS-WATER PAIL,ACTIVE
CLEANING SUPPLIES,CLS-WTS,CLS-WET FLOOR SIGNAGE,ACTIVE
CANDIES,CND-CHW,CND-CHEWY,ACTIVE
CANDIES,CND-DRS,CND-DRESSING,ACTIVE
CANDIES,CND-GUM,CND-GUM,ACTIVE
CANDIES,CND-HRD,CND-HARD,ACTIVE
CANDIES,CND-MYN,CND-MAYONNAISE,ACTIVE
CANDIES,CND-MST,CND-MUSTARD,ACTIVE
CANDIES,CND-OIL,CND-OIL,ACTIVE
CANDIES,CND-VNG,CND-VINEGAR,ACTIVE
CANDIES,CND-WSB,CND-WASABI,ACTIVE
CONES,CNE-ICR,CNE-ICE CREAM CONE,ACTIVE
CONDIMENT - PASTE,CNP-CLS,CNP-CHILI PASTE,ACTIVE
CONDIMENT - PASTE,CNP-CPA,CNP-CHOU HOU PASTE,ACTIVE
CONDIMENT - PASTE,CNP-CMP,CNP-COMMUNIST PASTE,ACTIVE
CONDIMENT - PASTE,CNP-CRP,CNP-CRAB PASTE,ACTIVE
CONDIMENT - PASTE,CNP-LSP,CNP-LOTUS SEED PASTE,ACTIVE
CONDIMENT - PASTE,CNP-MIP,CNP-MISO PASTE,ACTIVE
CONDIMENT - PASTE,CNP-RBP,CNP-RED BEANS PASTE,ACTIVE
CONDIMENT - PASTE,CNP-RMP,CNP-RED MONGO PASTE,ACTIVE
CONDIMENT - PASTE,CNP-SSP,CNP-SESAME PASTE,ACTIVE
CONDIMENT - PASTE,CNP-SHP,CNP-SHRIMP PASTE,ACTIVE
CONDIMENT - PASTE,CNP-SYP,CNP-SOYBEAN PASTE,ACTIVE
CONDIMENT - PASTE,CNP-TYP,CNP-TOM YUM PASTE,ACTIVE
COFFEE,COF-BNS,COF-BEANS,ACTIVE
COFFEE,COF-POD,COF-POD,ACTIVE
COFFEE,COF-PWD,COF-POWDER,ACTIVE
COMPLIMENTARY,COM-BBG,COM-BUBBLE GUM,ACTIVE
COMPLIMENTARY,COM-CAN,COM-CANDIES,ACTIVE
CEREAL,CRL-BAR,CRL-BAR,ACTIVE
CEREAL,CRL-GRA,CRL-GRAIN,ACTIVE
DUCK,DCK-BRS,DCK-BREAST,ACTIVE
DUCK,DCK-EGG,DCK-EGG,ACTIVE
DUCK,DCK-LEG,DCK-LEG,ACTIVE
DUCK,DCK-LVR,DCK-LIVER,ACTIVE
DINING EQUIPMENT,DEQ-CFM,DEQ-COFFEE MACHINE,ACTIVE
DINING EQUIPMENT,DEQ-DFS,DEQ-DIFFUSER,ACTIVE
DINING EQUIPMENT,DEQ-FLY,DEQ-FLY TRAP,ACTIVE
DAIRY,DRY-BNC,DRY-BEANCURD,ACTIVE
DAIRY,DRY-BRW,DRY-BROWNIE,ACTIVE
DAIRY,DRY-BTR,DRY-BUTTER,ACTIVE
DAIRY,DRY-CKE,DRY-CAKE,ACTIVE
DAIRY,DRY-CHS,DRY-CHEESE,ACTIVE
DAIRY,DRY-CSA,DRY-CHEESE SAUCE,ACTIVE
DAIRY,DRY-CNC,DRY-COCONUT CREAM,ACTIVE
DAIRY,DRY-CDM,DRY-CONDENSED MILK,ACTIVE
DAIRY,DRY-CKC,DRY-COOKING CREAM,ACTIVE
DAIRY,DRY-CRM,DRY-CREAM CHEESE,ACTIVE
DAIRY,DRY-CMR,DRY-CREAMER,ACTIVE
DAIRY,DRY-EVM,DRY-EVAPORATED MILK,ACTIVE
DAIRY,DRY-GEL,DRY-GELATO,ACTIVE
DAIRY,DRY-ICR,DRY-ICE CREAM,ACTIVE
DAIRY,DRY-MFN,DRY-MUFFIN,ACTIVE
DAIRY,DRY-PWD,DRY-POWDER,ACTIVE
DAIRY,DRY-SOC,DRY-SOUR CREAM,ACTIVE
DAIRY,DRY-SPD,DRY-SPREADS,ACTIVE
DAIRY,DRY-WHC,DRY-WHIPPING CREAM,ACTIVE
DAIRY,DRY-YOG,DRY-YOGURT,ACTIVE
DINING SUPPLIES,DSP-AST,DSP-ASH TRAY,ACTIVE
DINING SUPPLIES,DSP-BAS,DSP-BAR SPOON,ACTIVE
DINING SUPPLIES,DSP-BTR,DSP-BASKET TRAY,ACTIVE
DINING SUPPLIES,DSP-BKP,DSP-BLEACH KRAFT PAPER,ACTIVE
DINING SUPPLIES,DSP-BTL,DSP-BOTTLE,ACTIVE
DINING SUPPLIES,DSP-BOL,DSP-BOTTLE LID,ACTIVE
DINING SUPPLIES,DSP-BOO,DSP-BOTTLE OPENER,ACTIVE
DINING SUPPLIES,DSP-BLI,DSP-BOWL LID,ACTIVE
DINING SUPPLIES,DSP-BXH,DSP-BOX HOLDER,ACTIVE
DINING SUPPLIES,DSP-BGH,DSP-BURGER HOLDER,ACTIVE
DINING SUPPLIES,DSP-BST,DSP-BUSSING TRAY,ACTIVE
DINING SUPPLIES,DSP-BTG,DSP-BUTANE GAS,ACTIVE
DINING SUPPLIES,DSP-CKB,DSP-CAKE BOARD,ACTIVE
DINING SUPPLIES,DSP-CND,DSP-CANDLE,ACTIVE
DINING SUPPLIES,DSP-CDH,DSP-CANDLE HOLDER,ACTIVE
DINING SUPPLIES,DSP-CRF,DSP-CARAFE,ACTIVE
DINING SUPPLIES,DSP-CHP,DSP-CHOPSTICK,ACTIVE
DINING SUPPLIES,DSP-CHL,DSP-CHOPSTICK HOLDER,ACTIVE
DINING SUPPLIES,DSP-COA,DSP-COASTER,ACTIVE
DINING SUPPLIES,DSP-CSH,DSP-COCKTAIL SHAKER,ACTIVE
DINING SUPPLIES,DSP-COS,DSP-COCKTAIL SPOON,ACTIVE
DINING SUPPLIES,DSP-COC,DSP-COFFEE CUPS,ACTIVE
DINING SUPPLIES,DSP-CLB,DSP-COOLER BOX,ACTIVE
DINING SUPPLIES,DSP-CKS,DSP-CORKSCREW,ACTIVE
DINING SUPPLIES,DSP-CRC,DSP-CREAM CHARGER,ACTIVE
DINING SUPPLIES,DSP-CUL,DSP-CUP LID,ACTIVE
DINING SUPPLIES,DSP-CTH,DSP-CUTLERY HOLDER,ACTIVE
DINING SUPPLIES,DSP-CTT,DSP-CUTLERY TRAY,ACTIVE
DINING SUPPLIES,DSP-DSF,DSP-DESSERT FORK,ACTIVE
DINING SUPPLIES,DSP-DKN,DSP-DESSERT KNIFE,ACTIVE
DINING SUPPLIES,DSP-DSP,DSP-DESSERT SPOON,ACTIVE
DINING SUPPLIES,DSP-DMB,DSP-DIMSUM BASKET,ACTIVE
DINING SUPPLIES,DSP-DIB,DSP-DINING BOWL,ACTIVE
DINING SUPPLIES,DSP-DIF,DSP-DINING FORK,ACTIVE
DINING SUPPLIES,DSP-DPL,DSP-DINING PLATE,ACTIVE
DINING SUPPLIES,DSP-DIS,DSP-DINING SPOON,ACTIVE
DINING SUPPLIES,DSP-DRG,DSP-DRINKING GLASS,ACTIVE
DINING SUPPLIES,DSP-DRM,DSP-DRINKING MUG,ACTIVE
DINING SUPPLIES,DSP-FIP,DSP-FILTER PAPER,ACTIVE
DINING SUPPLIES,DSP-FRB,DSP-FIRE BLANKET,ACTIVE
DINING SUPPLIES,DSP-FIE,DSP-FIRE EXTINGUISHER,ACTIVE
DINING SUPPLIES,DSP-FOC,DSP-FOOD CANISTER,ACTIVE
DINING SUPPLIES,DSP-FCN,DSP-FOOD CONTAINER,ACTIVE
DINING SUPPLIES,DSP-FRH,DSP-FRIES HOLDER,ACTIVE
DINING SUPPLIES,DSP-GBG,DSP-GARBAGE BAG,ACTIVE
DINING SUPPLIES,DSP-GBC,DSP-GARBAGE CAN,ACTIVE
DINING SUPPLIES,DSP-GAL,DSP-GARBAGE LID,ACTIVE
DINING SUPPLIES,DSP-GLB,DSP-GLUE BOARD,ACTIVE
DINING SUPPLIES,DSP-HIC,DSP-HIGH CHAIR,ACTIVE
DINING SUPPLIES,DSP-ICB,DSP-ICE BAG,ACTIVE
DINING SUPPLIES,DSP-IBU,DSP-ICE BUCKET,ACTIVE
DINING SUPPLIES,DSP-ICL,DSP-ICE COOLER,ACTIVE
DINING SUPPLIES,DSP-ICC,DSP-ICE CREAM CUP,ACTIVE
DINING SUPPLIES,DSP-ICG,DSP-ICE CREAM GLASS,ACTIVE
DINING SUPPLIES,DSP-KDB,DSP-KIDDIE BOWL,ACTIVE
DINING SUPPLIES,DSP-KDC,DSP-KIDDIE CUP,ACTIVE
DINING SUPPLIES,DSP-KDP,DSP-KIDDIE PLATE,ACTIVE
DINING SUPPLIES,DSP-KDU,DSP-KIDDLE UTENSILS,ACTIVE
DINING SUPPLIES,DSP-LSD,DSP-LASAGNE DISH,ACTIVE
DINING SUPPLIES,DSP-MEN,DSP-MENU,ACTIVE
DINING SUPPLIES,DSP-ORS,DSP-ORDER SLIP,ACTIVE
DINING SUPPLIES,DSP-PAP,DSP-PAELLA PAN,ACTIVE
DINING SUPPLIES,DSP-PPL,DSP-PAPER LINER,ACTIVE
DINING SUPPLIES,DSP-PPW,DSP-PAPER WRAP,ACTIVE
DINING SUPPLIES,DSP-PPR,DSP-PARCHMENT PAPER,ACTIVE
DINING SUPPLIES,DSP-PSB,DSP-PASTRY BOX,ACTIVE
DINING SUPPLIES,DSP-PZS,DSP-PIZZA SAVER,ACTIVE
DINING SUPPLIES,DSP-RCK,DSP-RACK,ACTIVE
DINING SUPPLIES,DSP-RMK,DSP-RAMEKIN,ACTIVE
DINING SUPPLIES,DSP-SDS,DSP-SALAD DRESSING CONTAINER,ACTIVE
DINING SUPPLIES,DSP-SPS,DSP-SALT AND PEPPER SHAKER,ACTIVE
DINING SUPPLIES,DSP-SDB,DSP-SANDO BAG,ACTIVE
DINING SUPPLIES,DSP-SBW,DSP-SAUCE BOWL,ACTIVE
DINING SUPPLIES,DSP-SCC,DSP-SAUCE CONTAINER,ACTIVE
DINING SUPPLIES,DSP-SCU,DSP-SAUCE CUP,ACTIVE
DINING SUPPLIES,DSP-SCD,DSP-SAUCE DISH,ACTIVE
DINING SUPPLIES,DSP-SAL,DSP-SAUCE LID,ACTIVE
DINING SUPPLIES,DSP-SCP,DSP-SAUCE PUMP,ACTIVE
DINING SUPPLIES,DSP-SCR,DSP-SAUCER,ACTIVE
DINING SUPPLIES,DSP-SAB,DSP-SAUCER BOWL,ACTIVE
DINING SUPPLIES,DSP-SRB,DSP-SERVING BOARD,ACTIVE
DINING SUPPLIES,DSP-SVT,DSP-SERVING TRAY,ACTIVE
DINING SUPPLIES,DSP-SHG,DSP-SHOT GLASS,ACTIVE
DINING SUPPLIES,DSP-SOB,DSP-SOUP BOWL,ACTIVE
DINING SUPPLIES,DSP-SOS,DSP-SOUP SPOON,ACTIVE
DINING SUPPLIES,DSP-SPB,DSP-SPRAYER BOTTLE,ACTIVE
DINING SUPPLIES,DSP-STP,DSP-STANCHION POST,ACTIVE
DINING SUPPLIES,DSP-SPL,DSP-STEP LADDER,ACTIVE
DINING SUPPLIES,DSP-STR,DSP-STIRRER,ACTIVE
DINING SUPPLIES,DSP-SAP,DSP-STORE AND POUR,ACTIVE
DINING SUPPLIES,DSP-STW,DSP-STRAW,ACTIVE
DINING SUPPLIES,DSP-TBF,DSP-TABLE FORK,ACTIVE
DINING SUPPLIES,DSP-TBK,DSP-TABLE KNIFE,ACTIVE
DINING SUPPLIES,DSP-TBN,DSP-TABLE NAPKIN,ACTIVE
DINING SUPPLIES,DSP-TBS,DSP-TABLE SPOON,ACTIVE
DINING SUPPLIES,DSP-TBA,DSP-TAKE OUT BAG,ACTIVE
DINING SUPPLIES,DSP-TKB,DSP-TAKE OUT BOWL,ACTIVE
DINING SUPPLIES,DSP-TOB,DSP-TAKE OUT BOX,ACTIVE
DINING SUPPLIES,DSP-TOC,DSP-TAKE OUT CUP,ACTIVE
DINING SUPPLIES,DSP-TKC,DSP-TAKE OUT CUTLERY,ACTIVE
DINING SUPPLIES,DSP-TKS,DSP-TAKE OUT SLEEVES,ACTIVE
DINING SUPPLIES,DSP-TPT,DSP-TEA POT,ACTIVE
DINING SUPPLIES,DSP-TEP,DSP-TEA SPOON,ACTIVE
DINING SUPPLIES,DSP-TCH,DSP-TENT CARD HOLDER,ACTIVE
DINING SUPPLIES,DSP-TNC,DSP-TIN CANS,ACTIVE
DINING SUPPLIES,DSP-TIS,DSP-TISSUE,ACTIVE
DINING SUPPLIES,DSP-TIH,DSP-TISSUE HOLDER,ACTIVE
DINING SUPPLIES,DSP-TPK,DSP-TOOTHPICK,ACTIVE
DINING SUPPLIES,DSP-TPH,DSP-TOOTHPICK HOLDER,ACTIVE
DINING SUPPLIES,DSP-TRS,DSP-TRAY STAND,ACTIVE
DINING SUPPLIES,DSP-VCB,DSP-VACUUM BAG,ACTIVE
DINING SUPPLIES,DSP-VCJ,DSP-VACUUM JUG,ACTIVE
DINING SUPPLIES,DSP-WAB,DSP-WATER BOTTLE,ACTIVE
DINING SUPPLIES,DSP-WAP,DSP-WATER PITCHER,ACTIVE
DINING SUPPLIES,DSP-WHG,DSP-WHISKY GLASS,ACTIVE
DINING SUPPLIES,DSP-WIG,DSP-WINE GLASS,ACTIVE
DESSERT,DSR-BRW,DSR-BROWNIE,ACTIVE
DESSERT,DSR-CKE,DSR-CAKE,ACTIVE
DESSERT,DSR-DGH,DSR-DOUGHNUT,ACTIVE
DESSERT,DSR-TRT,DSR-TART,ACTIVE
EEL,EEL-FRS,EEL-FRESH,ACTIVE
EGG,EGG-FRS,EGG-FRESH,ACTIVE
EGG,EGG-LQD,EGG-LIQUID,ACTIVE
EGG,EGG-PWD,EGG-POWDER,ACTIVE
EGG,EGG-PRS,EGG-PRESERVED,ACTIVE
EGG,EGG-PRC,EGG-PROCESSED,ACTIVE
EGG,EGG-SVD,EGG-SOUS VIDE,ACTIVE
FLOUR,FLR-PWD,FLR-POWDER,ACTIVE
FLOWER,FLW-RSB,FLW-ROSEBUD,ACTIVE
FRENCH FRIES,FRF-CRK,FRF-CRINKLE CUT,ACTIVE
FRENCH FRIES,FRF-SHS,FRF-SHOESTRING,ACTIVE
FRENCH FRIES,FRF-WDG,FRF-WEDGES,ACTIVE
FRUIT,FRU-APL,FRU-APPLE,ACTIVE
FRUIT,FRU-APR,FRU-APRICOT,ACTIVE
FRUIT,FRU-AVO,FRU-AVOCADO,ACTIVE
FRUIT,FRU-BAN,FRU-BANANA,ACTIVE
FRUIT,FRU-BLB,FRU-BLACKBERRY,ACTIVE
FRUIT,FRU-BLO,FRU-BLOOD ORANGE,ACTIVE
FRUIT,FRU-BBR,FRU-BLUEBERRY,ACTIVE
FRUIT,FRU-CLM,FRU-CALAMANSI,ACTIVE
FRUIT,FRU-CAP,FRU-CAPSICUM,ACTIVE
FRUIT,FRU-CHY,FRU-CHERRY,ACTIVE
FRUIT,FRU-COC,FRU-COCONUT,ACTIVE
FRUIT,FRU-CRB,FRU-CRANBERRIES,ACTIVE
FRUIT,FRU-DTE,FRU-DATES,ACTIVE
FRUIT,FRU-DRF,FRU-DRAGON FRUIT,ACTIVE
FRUIT,FRU-EGP,FRU-EGGPLANT,ACTIVE
FRUIT,FRU-GRP,FRU-GRAPE,ACTIVE
FRUIT,FRU-GUV,FRU-GUAVA,ACTIVE
FRUIT,FRU-GYB,FRU-GUYABANO,ACTIVE
FRUIT,FRU-JCK,FRU-JACKFRUIT,ACTIVE
FRUIT,FRU-JAL,FRU-JALAPENO,ACTIVE
FRUIT,FRU-KIW,FRU-KIWI,ACTIVE
FRUIT,FRU-LMN,FRU-LEMON,ACTIVE
FRUIT,FRU-LME,FRU-LIME,ACTIVE
FRUIT,FRU-LYC,FRU-LYCHEE,ACTIVE
FRUIT,FRU-MNG,FRU-MANGO,ACTIVE
FRUIT,FRU-MLN,FRU-MELON,ACTIVE
FRUIT,FRU-MXB,FRU-MIXED BERRIES,ACTIVE
FRUIT,FRU-OLV,FRU-OLIVE,ACTIVE
FRUIT,FRU-ORG,FRU-ORANGE,ACTIVE
FRUIT,FRU-PPY,FRU-PAPAYA,ACTIVE
FRUIT,FRU-PCH,FRU-PEACH,ACTIVE
FRUIT,FRU-PEA,FRU-PEAR,ACTIVE
FRUIT,FRU-PNP,FRU-PINEAPPLE,ACTIVE
FRUIT,FRU-PML,FRU-POMELO,ACTIVE
FRUIT,FRU-PWD,FRU-POWDER,ACTIVE
FRUIT,FRU-PUR,FRU-PUREE,ACTIVE
FRUIT,FRU-RSP,FRU-RASPBERRY,ACTIVE
FRUIT,FRU-SPD,FRU-SPREADS,ACTIVE
FRUIT,FRU-STB,FRU-STRAWBERRY,ACTIVE
FRUIT,FRU-TAM,FRU-TAMARIND,ACTIVE
FRUIT,FRU-TMT,FRU-TOMATO,ACTIVE
FRUIT,FRU-WTM,FRU-WATERMELON,ACTIVE
FISH,FSH-CNG,FSH-CANNED GOODS,ACTIVE
FISH,FSH-DRD,FSH-DRIED,ACTIVE
FISH,FSH-FRZ,FSH-FREEZER,ACTIVE
FISH,FSH-FRS,FSH-FRESH,ACTIVE
FISH,FSH-FZN,FSH-FROZEN,ACTIVE
FISH,FSH-PRC,FSH-PROCESSED,ACTIVE
FURNITURE,FUR-BQS,FUR-BANQUET SEAT,ACTIVE
FURNITURE,FUR-BST,FUR-BAR STOOL,ACTIVE
FURNITURE,FUR-BTB,FUR-BAR TABLE,ACTIVE
FURNITURE,FUR-DIC,FUR-DINING CHAIR,ACTIVE
FURNITURE,FUR-DIT,FUR-DINING TABLE,ACTIVE
FURNITURE,FUR-STS,FUR-STEP STOOL,ACTIVE
FURNITURE,FUR-WTS,FUR-WAITER STATION,ACTIVE
GIFT CERTIFICATE,GFC-N/A,GFC-N/A,ACTIVE
GRAIN,GRA-BRL,GRA-BARLEY,ACTIVE
GRAIN,GRA-BSM,GRA-BASMATI,ACTIVE
GRAIN,GRA-BLG,GRA-BULGUR,ACTIVE
GRAIN,GRA-CRL,GRA-CEREAL,ACTIVE
GRAIN,GRA-OAT,GRA-OATS,ACTIVE
GRAIN,GRA-QUI,GRA-QUINOA,ACTIVE
GRAIN,GRA-RCE,GRA-RICE,ACTIVE
GRAIN,GRA-RCK,GRA-RICE CAKE,ACTIVE
GRAIN,GRA-RCC,GRA-RICE CRISPIES,ACTIVE
GRAIN,GRA-ROS,GRA-ROSMARINO,ACTIVE
GIFT WITH PURCHASE,GWP-GFC,GWP-GIFT CERTIFICATE,ACTIVE
HERBS,HRB-ARU,HRB-ARUGULA,ACTIVE
HERBS,HRB-BSL,HRB-BASIL,ACTIVE
HERBS,HRB-CLT,HRB-CILANTRO,ACTIVE
HERBS,HRB-COR,HRB-CORIANDER,ACTIVE
HERBS,HRB-DIL,HRB-DILL,ACTIVE
HERBS,HRB-KFL,HRB-KAFFIR LEAVES,ACTIVE
HERBS,HRB-MIL,HRB-MINT LEAVES,ACTIVE
HERBS,HRB-ORE,HRB-OREGANO,ACTIVE
HERBS,HRB-PRS,HRB-PARSLEY,ACTIVE
HERBS,HRB-RSE,HRB-ROSEMARY,ACTIVE
HERBS,HRB-SGE,HRB-SAGE,ACTIVE
HERBS,HRB-TRG,HRB-TARRAGON,ACTIVE
HERBS,HRB-THY,HRB-THYME,ACTIVE
KITCHEN EQUIPMENT,KEQ-BAM,KEQ-BAIN MARIE,ACTIVE
KITCHEN EQUIPMENT,KEQ-BKO,KEQ-BAKING OVEN,ACTIVE
KITCHEN EQUIPMENT,KEQ-BNT,KEQ-BUN TOASTER,ACTIVE
KITCHEN EQUIPMENT,KEQ-BUR,KEQ-BURNER,ACTIVE
KITCHEN EQUIPMENT,KEQ-CBN,KEQ-CABINET,ACTIVE
KITCHEN EQUIPMENT,KEQ-COP,KEQ-CAN OPENER,ACTIVE
KITCHEN EQUIPMENT,KEQ-CHL,KEQ-CHILLER,ACTIVE
KITCHEN EQUIPMENT,KEQ-CWD,KEQ-CLING WRAP DISPENSER,ACTIVE
KITCHEN EQUIPMENT,KEQ-COB,KEQ-COFFEE BREWER,ACTIVE
KITCHEN EQUIPMENT,KEQ-COG,KEQ-COFFEE GRINDER,ACTIVE
KITCHEN EQUIPMENT,KEQ-CFM,KEQ-COFFEE MACHINE,ACTIVE
KITCHEN EQUIPMENT,KEQ-COO,KEQ-CONVECTION OVEN,ACTIVE
KITCHEN EQUIPMENT,KEQ-COT,KEQ-CONVEYOR TOASTER,ACTIVE
KITCHEN EQUIPMENT,KEQ-CLR,KEQ-COOLING RACK,ACTIVE
KITCHEN EQUIPMENT,KEQ-CRM,KEQ-CREPE MACHINE,ACTIVE
KITCHEN EQUIPMENT,KEQ-DKO,KEQ-DECK OVEN,ACTIVE
KITCHEN EQUIPMENT,KEQ-DEF,KEQ-DEEP FRYER,ACTIVE
KITCHEN EQUIPMENT,KEQ-DWM,KEQ-DISHWASHING MACHINE,ACTIVE
KITCHEN EQUIPMENT,KEQ-DRP,KEQ-DRAIN PAN,ACTIVE
KITCHEN EQUIPMENT,KEQ-EXB,KEQ-EXHAUST BLOWER,ACTIVE
KITCHEN EQUIPMENT,KEQ-EXF,KEQ-EXHAUST FAN,ACTIVE
KITCHEN EQUIPMENT,KEQ-EXH,KEQ-EXHAUST HOOD,ACTIVE
KITCHEN EQUIPMENT,KEQ-FIT,KEQ-FILLER TABLE,ACTIVE
KITCHEN EQUIPMENT,KEQ-FOP,KEQ-FOOD PROCESSOR,ACTIVE
KITCHEN EQUIPMENT,KEQ-FRZ,KEQ-FREEZER,ACTIVE
KITCHEN EQUIPMENT,KEQ-FSB,KEQ-FRESH AIR BLOWER,ACTIVE
KITCHEN EQUIPMENT,KEQ-GOF,KEQ-GOOSENECK FAUCET,ACTIVE
KITCHEN EQUIPMENT,KEQ-GRE,KEQ-GREASE TRAP,ACTIVE
KITCHEN EQUIPMENT,KEQ-GRD,KEQ-GRIDDLE,ACTIVE
KITCHEN EQUIPMENT,KEQ-GRI,KEQ-GRILLER,ACTIVE
KITCHEN EQUIPMENT,KEQ-GYM,KEQ-GYOZA MACHINE,ACTIVE
KITCHEN EQUIPMENT,KEQ-HBL,KEQ-HAND BLENDER,ACTIVE
KITCHEN EQUIPMENT,KEQ-HEL,KEQ-HEAT LAMP,ACTIVE
KITCHEN EQUIPMENT,KEQ-HLC,KEQ-HOLDING CABINET,ACTIVE
KITCHEN EQUIPMENT,KEQ-ICB,KEQ-ICE BIN,ACTIVE
KITCHEN EQUIPMENT,KEQ-ICC,KEQ-ICE CRUSHER,ACTIVE
KITCHEN EQUIPMENT,KEQ-ICM,KEQ-ICE MACHINE,ACTIVE
KITCHEN EQUIPMENT,KEQ-IMB,KEQ-IMMERSION BLENDER,ACTIVE
KITCHEN EQUIPMENT,KEQ-IDC,KEQ-INDUCTION COOKER,ACTIVE
KITCHEN EQUIPMENT,KEQ-ITF,KEQ-ITALIAN FAUCET,ACTIVE
KITCHEN EQUIPMENT,KEQ-JBL,KEQ-JUICE BLENDER,ACTIVE
KITCHEN EQUIPMENT,KEQ-KJCD,KEQ-JUICE DISPENSER,ACTIVE
KITCHEN EQUIPMENT,KEQ-MEG,KEQ-MEAT GRINDER,ACTIVE
KITCHEN EQUIPMENT,KEQ-MTS,KEQ-MEAT SLICER,ACTIVE
KITCHEN EQUIPMENT,KEQ-MIO,KEQ-MICROWAVE OVEN,ACTIVE
KITCHEN EQUIPMENT,KEQ-NDB,KEQ-NOODLE BOILER,ACTIVE
KITCHEN EQUIPMENT,KEQ-OFM,KEQ-OIL FILTERING MACHINE,ACTIVE
KITCHEN EQUIPMENT,KEQ-ONS,KEQ-ONION SLICER,ACTIVE
KITCHEN EQUIPMENT,KEQ-OVS,KEQ-OVERHEAD SHELVES,ACTIVE
KITCHEN EQUIPMENT,KEQ-PLM,KEQ-PLANETARY MIXER,ACTIVE
KITCHEN EQUIPMENT,KEQ-POM,KEQ-POPCORN MACHINE,ACTIVE
KITCHEN EQUIPMENT,KEQ-PRF,KEQ-PRE RINSE FAUCET,ACTIVE
KITCHEN EQUIPMENT,KEQ-PRW,KEQ-PRESSURE WASHER,ACTIVE
KITCHEN EQUIPMENT,KEQ-PFR,KEQ-PROOFER,ACTIVE
KITCHEN EQUIPMENT,KEQ-RCK,KEQ-RACK,ACTIVE
KITCHEN EQUIPMENT,KEQ-RCS,KEQ-RACK SHELVES,ACTIVE
KITCHEN EQUIPMENT,KEQ-RFR,KEQ-REFIGERATION,ACTIVE
KITCHEN EQUIPMENT,KEQ-RFC,KEQ-REFRACTOMETER,ACTIVE
KITCHEN EQUIPMENT,KEQ-RIC,KEQ-RICE COOKER,ACTIVE
KITCHEN EQUIPMENT,KEQ-RIW,KEQ-RICE WARMER,ACTIVE
KITCHEN EQUIPMENT,KEQ-SAL,KEQ-SALAMANDER,ACTIVE
KITCHEN EQUIPMENT,KEQ-SHM,KEQ-SHAWARMA MACHINE,ACTIVE
KITCHEN EQUIPMENT,KEQ-SKG,KEQ-SINK GRINDER,ACTIVE
KITCHEN EQUIPMENT,KEQ-SKT,KEQ-SINK TABLE,ACTIVE
KITCHEN EQUIPMENT,KEQ-SLM,KEQ-SLUSHIE MACHINE,ACTIVE
KITCHEN EQUIPMENT,KEQ-SOV,KEQ-SOUS VIDE MACHINE,ACTIVE
KITCHEN EQUIPMENT,KEQ-SRK,KEQ-SPEED RACK,ACTIVE
KITCHEN EQUIPMENT,KEQ-SMX,KEQ-STAND MIXER,ACTIVE
KITCHEN EQUIPMENT,KEQ-STM,KEQ-STEAMER,ACTIVE
KITCHEN EQUIPMENT,KEQ-STC,KEQ-STEAMER CABINET,ACTIVE
KITCHEN EQUIPMENT,KEQ-STK,KEQ-STORAGE TANK,ACTIVE
KITCHEN EQUIPMENT,KEQ-TBL,KEQ-TABLE,ACTIVE
KITCHEN EQUIPMENT,KEQ-TBC,KEQ-TABLE WITH CABINET,ACTIVE
KITCHEN EQUIPMENT,KEQ-TWS,KEQ-TABLE WITH SHELVES,ACTIVE
KITCHEN EQUIPMENT,KEQ-TKC,KEQ-TAKOYAKI COOKER,ACTIVE
KITCHEN EQUIPMENT,KEQ-TGS,KEQ-TRENCH GRATE AND SUMP PAN,ACTIVE
KITCHEN EQUIPMENT,KEQ-UPC,KEQ-UPRIGHT CABINET,ACTIVE
KITCHEN EQUIPMENT,KEQ-VCS,KEQ-VACUUM SEALER,ACTIVE
KITCHEN EQUIPMENT,KEQ-WFM,KEQ-WAFFLE MAKER,ACTIVE
KITCHEN EQUIPMENT,KEQ-WAC,KEQ-WALL CLADDING,ACTIVE
KITCHEN EQUIPMENT,KEQ-WLF,KEQ-WALL FAN,ACTIVE
KITCHEN EQUIPMENT,KEQ-WAS,KEQ-WALL SHELVES,ACTIVE
KITCHEN EQUIPMENT,KEQ-WAB,KEQ-WATER BOILER,ACTIVE
KITCHEN EQUIPMENT,KEQ-WAD,KEQ-WATER DISPENSER,ACTIVE
KITCHEN EQUIPMENT,KEQ-WTF,KEQ-WATER FILTER,ACTIVE
KITCHEN EQUIPMENT,KEQ-WTH,KEQ-WATER HEATER,ACTIVE
KITCHEN EQUIPMENT,KEQ-WAK,KEQ-WATER KETTLE,ACTIVE
KITCHEN EQUIPMENT,KEQ-WES,KEQ-WEIGHING SCALE,ACTIVE
KITCHEN SUPPLIES,KIS-APS,KIS-ACETATE SHEET,ACTIVE
KITCHEN SUPPLIES,KIS-ATC,KIS-AIRTIGHT CONTAINER,ACTIVE
KITCHEN SUPPLIES,KIS-ALF,KIS-ALUMINUM FOIL,ACTIVE
KITCHEN SUPPLIES,KIS-BKM,KIS-BAKING MAT,ACTIVE
KITCHEN SUPPLIES,KIS-BBS,KIS-BARBECUE STICK,ACTIVE
KITCHEN SUPPLIES,KIS-BNK,KIS-BONING KNIFE,ACTIVE
KITCHEN SUPPLIES,KIS-BTP,KIS-BOTTLE POURER,ACTIVE
KITCHEN SUPPLIES,KIS-BRK,KIS-BREAD KNIFE,ACTIVE
KITCHEN SUPPLIES,KIS-CKB,KIS-CAKE BAND,ACTIVE
KITCHEN SUPPLIES,KIS-CKD,KIS-CAKE DIVIDER,ACTIVE
KITCHEN SUPPLIES,KIS-CAP,KIS-CAKE PAN,ACTIVE
KITCHEN SUPPLIES,KIS-CKR,KIS-CAKE RING,ACTIVE
KITCHEN SUPPLIES,KIS-CAT,KIS-CAKE TESTER,ACTIVE
KITCHEN SUPPLIES,KIS-CTB,KIS-CAKE TURNTABLE,ACTIVE
KITCHEN SUPPLIES,KIS-CAW,KIS-CALIBRATION WEIGHTS,ACTIVE
KITCHEN SUPPLIES,KIS-CLB,KIS-CALL BELL,ACTIVE
KITCHEN SUPPLIES,KIS-CAO,KIS-CAN OPENER,ACTIVE
KITCHEN SUPPLIES,KIS-CSR,KIS-CASSEROLE PAN,ACTIVE
KITCHEN SUPPLIES,KIS-CIP,KIS-CAST IRON POT,ACTIVE
KITCHEN SUPPLIES,KIS-CHC,KIS-CHEESE CUTTER,ACTIVE
KITCHEN SUPPLIES,KIS-CHG,KIS-CHEESE GRATER,ACTIVE
KITCHEN SUPPLIES,KIS-CHK,KIS-CHEF'S KNIFE,ACTIVE
KITCHEN SUPPLIES,KIS-CHB,KIS-CHOPPING BOARD,ACTIVE
KITCHEN SUPPLIES,KIS-CBH,KIS-CHOPPING BOARD HOLDER,ACTIVE
KITCHEN SUPPLIES,KIS-CLW,KIS-CLING WRAP,ACTIVE
KITCHEN SUPPLIES,KIS-COL,KIS-COLANDER,ACTIVE
KITCHEN SUPPLIES,KIS-CDH,KIS-CONDIMENT HOLDER,ACTIVE
KITCHEN SUPPLIES,KIS-CKT,KIS-COOKING TWINE,ACTIVE
KITCHEN SUPPLIES,KIS-CRT,KIS-CRATE,ACTIVE
KITCHEN SUPPLIES,KIS-DDS,KIS-DAY DOT STICKERS,ACTIVE
KITCHEN SUPPLIES,KIS-DTI,KIS-DISPENSER TISSUE,ACTIVE
KITCHEN SUPPLIES,KIS-DOC,KIS-DOUGH CUTTER,ACTIVE
KITCHEN SUPPLIES,KIS-DGT,KIS-DOUGH TRAY,ACTIVE
KITCHEN SUPPLIES,KIS-DRK,KIS-DRIP KETTLE,ACTIVE
KITCHEN SUPPLIES,KIS-DRP,KIS-DRIPPER,ACTIVE
KITCHEN SUPPLIES,KIS-EGR,KIS-EGG RING,ACTIVE
KITCHEN SUPPLIES,KIS-FAM,KIS-FACE MASK,ACTIVE
KITCHEN SUPPLIES,KIS-FIP,KIS-FILTER PAPER,ACTIVE
KITCHEN SUPPLIES,KIS-FLL,KIS-FLAT LADLE,ACTIVE
KITCHEN SUPPLIES,KIS-FOD,KIS-FOIL DISPENSER,ACTIVE
KITCHEN SUPPLIES,KIS-FPC,KIS-FOOD PAN CONTAINER,ACTIVE
KITCHEN SUPPLIES,KIS-FPG,KIS-FOOD PAN GRATE,ACTIVE
KITCHEN SUPPLIES,KIS-FPL,KIS-FOOD PAN LID,ACTIVE
KITCHEN SUPPLIES,KIS-FRS,KIS-FROSTING SHEET,ACTIVE
KITCHEN SUPPLIES,KIS-FBS,KIS-FRYING BASKET,ACTIVE
KITCHEN SUPPLIES,KIS-FRP,KIS-FRYING PAN,ACTIVE
KITCHEN SUPPLIES,KIS-FNL,KIS-FUNNEL,ACTIVE
KITCHEN SUPPLIES,KIS-GLJ,KIS-GLASS JAR,ACTIVE
KITCHEN SUPPLIES,KIS-GLV,KIS-GLOVES,ACTIVE
KITCHEN SUPPLIES,KIS-GDP,KIS-GRIDDLE PAN,ACTIVE
KITCHEN SUPPLIES,KIS-GRP,KIS-GRILLING PAN,ACTIVE
KITCHEN SUPPLIES,KIS-HGR,KIS-HYGROMETER,ACTIVE
KITCHEN SUPPLIES,KIS-ICS,KIS-ICE CREAM SCOOPER,ACTIVE
KITCHEN SUPPLIES,KIS-ISC,KIS-ICE SCOOPER,ACTIVE
KITCHEN SUPPLIES,KIS-IGN,KIS-IGNITER,ACTIVE
KITCHEN SUPPLIES,KIS-JGR,KIS-JIGGER,ACTIVE
KITCHEN SUPPLIES,KIS-KIM,KIS-KITCHEN MAT,ACTIVE
KITCHEN SUPPLIES,KIS-KIS,KIS-KITCHEN SCISSORS,ACTIVE
KITCHEN SUPPLIES,KIS-KIT,KIS-KITCHEN TIMER,ACTIVE
KITCHEN SUPPLIES,KIS-KNM,KIS-KNIFE MAGNET,ACTIVE
KITCHEN SUPPLIES,KIS-LLN,KIS-LLANERA,ACTIVE
KITCHEN SUPPLIES,KIS-MGC,KIS-MAGIC CLIP,ACTIVE
KITCHEN SUPPLIES,KIS-MDS,KIS-MANDOLIN SLICER,ACTIVE
KITCHEN SUPPLIES,KIS-MPM,KIS-MASHED POTATO MASHER,ACTIVE
KITCHEN SUPPLIES,KIS-MSC,KIS-MEASURING CUP,ACTIVE
KITCHEN SUPPLIES,KIS-MSP,KIS-MEASURING SPOON,ACTIVE
KITCHEN SUPPLIES,KIS-MEH,KIS-MEAT HOOK,ACTIVE
KITCHEN SUPPLIES,KIS-MTD,KIS-MEAT TENDERIZER,ACTIVE
KITCHEN SUPPLIES,KIS-MES,KIS-MESH STRAINER,ACTIVE
KITCHEN SUPPLIES,KIS-MJG,KIS-MILK JUG,ACTIVE
KITCHEN SUPPLIES,KIS-MXB,KIS-MIXING BOWL,ACTIVE
KITCHEN SUPPLIES,KIS-MTP,KIS-MORTAR AND PESTLE,ACTIVE
KITCHEN SUPPLIES,KIS-MUD,KIS-MUDDLER,ACTIVE
KITCHEN SUPPLIES,KIS-MUW,KIS-MUFFIN WRAPPER,ACTIVE
KITCHEN SUPPLIES,KIS-NOS,KIS-NOODLE STRAINER,ACTIVE
KITCHEN SUPPLIES,KIS-OVM,KIS-OVEN MITT,ACTIVE
KITCHEN SUPPLIES,KIS-PLT,KIS-PALETTES,ACTIVE
KITCHEN SUPPLIES,KIS-PMH,KIS-PAPER MAGNET HOLDER,ACTIVE
KITCHEN SUPPLIES,KIS-PAK,KIS-PARING KNIFE,ACTIVE
KITCHEN SUPPLIES,KIS-PAB,KIS-PASTRY BRUSH,ACTIVE
KITCHEN SUPPLIES,KIS-PLR,KIS-PEELER,ACTIVE
KITCHEN SUPPLIES,KIS-PPM,KIS-PEPPER MILL,ACTIVE
KITCHEN SUPPLIES,KIS-PPB,KIS-PIPING BAG,ACTIVE
KITCHEN SUPPLIES,KIS-PIT,KIS-PITCHER,ACTIVE
KITCHEN SUPPLIES,KIS-PCU,KIS-PIZZA CUTTER,ACTIVE
KITCHEN SUPPLIES,KIS-PZP,KIS-PIZZA PADDLE,ACTIVE
KITCHEN SUPPLIES,KIS-PIP,KIS-PIZZA PAN,ACTIVE
KITCHEN SUPPLIES,KIS-PZC,KIS-PIZZA SCREEN,ACTIVE
KITCHEN SUPPLIES,KIS-PZS,KIS-PIZZA STAND,ACTIVE
KITCHEN SUPPLIES,KIS-PRC,KIS-PRESSURE COOKER,ACTIVE
KITCHEN SUPPLIES,KIS-PSC,KIS-PUSH CART,ACTIVE
KITCHEN SUPPLIES,KIS-RCT,KIS-RACK TROLLEY,ACTIVE
KITCHEN SUPPLIES,KIS-RCL,KIS-RICE LADLE,ACTIVE
KITCHEN SUPPLIES,KIS-RCN,KIS-RICE NET,ACTIVE
KITCHEN SUPPLIES,KIS-RLP,KIS-ROLLING PIN,ACTIVE
KITCHEN SUPPLIES,KIS-SAS,KIS-SALAD SPINNER,ACTIVE
KITCHEN SUPPLIES,KIS-SNC,KIS-SANITARY CAP,ACTIVE
KITCHEN SUPPLIES,KIS-SAP,KIS-SAUCE PAN,ACTIVE
KITCHEN SUPPLIES,KIS-SCR,KIS-SCRAPER,ACTIVE
KITCHEN SUPPLIES,KIS-SSS,KIS-SESAME SHAKER,ACTIVE
KITCHEN SUPPLIES,KIS-SHR,KIS-SHARPENING ROD,ACTIVE
KITCHEN SUPPLIES,KIS-SHS,KIS-SHARPENING STONE,ACTIVE
KITCHEN SUPPLIES,KIS-SFT,KIS-SIFTER,ACTIVE
KITCHEN SUPPLIES,KIS-SLM,KIS-SILICON MOLD,ACTIVE
KITCHEN SUPPLIES,KIS-SKM,KIS-SKIMMER,ACTIVE
KITCHEN SUPPLIES,KIS-SLT,KIS-SLIP TOP SLEEVES,ACTIVE
KITCHEN SUPPLIES,KIS-SOL,KIS-SOUP LADLE,ACTIVE
KITCHEN SUPPLIES,KIS-SPA,KIS-SPATULA,ACTIVE
KITCHEN SUPPLIES,KIS-SPN,KIS-SPINDLE,ACTIVE
KITCHEN SUPPLIES,KIS-SQB,KIS-SQUEEZE BOTTLE,ACTIVE
KITCHEN SUPPLIES,KIS-STK,KIS-STEAK WEIGHTS,ACTIVE
KITCHEN SUPPLIES,KIS-STM,KIS-STEAMER,ACTIVE
KITCHEN SUPPLIES,KIS-STW,KIS-STEW PAN,ACTIVE
KITCHEN SUPPLIES,KIS-STP,KIS-STOCK POT,ACTIVE
KITCHEN SUPPLIES,KIS-STB,KIS-STORAGE BOX,ACTIVE
KITCHEN SUPPLIES,KIS-STR,KIS-STRAINER,ACTIVE
KITCHEN SUPPLIES,KIS-TEP,KIS-TEA POT,ACTIVE
KITCHEN SUPPLIES,KIS-THE,KIS-THERMOMETER,ACTIVE
KITCHEN SUPPLIES,KIS-TNG,KIS-TONG,ACTIVE
KITCHEN SUPPLIES,KIS-TOB,KIS-TORCH BURNER,ACTIVE
KITCHEN SUPPLIES,KIS-TRY,KIS-TRAY,ACTIVE
KITCHEN SUPPLIES,KIS-,KIS-TROLLEY,ACTIVE
KITCHEN SUPPLIES,KIS-TRN,KIS-TURNER,ACTIVE
KITCHEN SUPPLIES,KIS-TWZ,KIS-TWEEZER,ACTIVE
KITCHEN SUPPLIES,KIS-UTH,KIS-UTENSIL HOLDER,ACTIVE
KITCHEN SUPPLIES,KIS-VNG,KIS-VINYL GLOVES,ACTIVE
KITCHEN SUPPLIES,KIS-WTC,KIS-WATER CONTAINER,ACTIVE
KITCHEN SUPPLIES,KIS-WAP,KIS-WAX PAPER,ACTIVE
KITCHEN SUPPLIES,KIS-WCD,KIS-WHIP CREAM DISPENSER,ACTIVE
KITCHEN SUPPLIES,KIS-WIB,KIS-WINE BUCKET,ACTIVE
KITCHEN SUPPLIES,KIS-WIW,KIS-WIRE WHISK,ACTIVE
KITCHEN SUPPLIES,KIS-WKP,KIS-WOK PAN,ACTIVE
KITCHEN SUPPLIES,KIS-ZST,KIS-ZESTER,ACTIVE
LIGHTING,LGT-DWL,LGT-DOWNLIGHT,ACTIVE
LIGHTING,LGT-EML,LGT-EMERGENCY LIGHT,ACTIVE
LIGHTING,LGT-EXS,LGT-EXIT SIGN,ACTIVE
LIGHTING,LGT-FSL,LGT-FLASHLIGHT,ACTIVE
LIGHTING,LGT-FFX,LGT-FLOURESCENT FIXTURE,ACTIVE
LIGHTING,LGT-LIB,LGT-LIGHT BULB,ACTIVE
LIGHTING,LGT-PDH,LGT-PENDANT HOUSING,ACTIVE
LIGHTING,LGT-PEL,LGT-PENDANT LIGHT,ACTIVE
LIGHTING,LGT-PIL,LGT-PIN LIGHT,ACTIVE
LIGHTING,LGT-SPL,LGT-SPOT LIGHT,ACTIVE
LIGHTING,LGT-STL,LGT-STRIP LIGHT,ACTIVE
LIGHTING,LGT-TKB,LGT-TRACK BAR,ACTIVE
LIGHTING,LGT-TKH,LGT-TRACK HEAD,ACTIVE
LIGHTING,LGT-TRL,LGT-TRACK LIGHT,ACTIVE
LIGHTING,LGT-TOL,LGT-TROFFER LIGHT,ACTIVE
LIQUOR,LIQ-BER,LIQ-BEER,ACTIVE
LIQUOR,LIQ-BRB,LIQ-BOURBON,ACTIVE
LIQUOR,LIQ-BRN,LIQ-BRANDY,ACTIVE
LIQUOR,LIQ-GIN,LIQ-GIN,ACTIVE
LIQUOR,LIQ-LMB,LIQ-LAMBANOG,ACTIVE
LIQUOR,LIQ-RUM,LIQ-RHUM,ACTIVE
LIQUOR,LIQ-SKE,LIQ-SAKE,ACTIVE
LIQUOR,LIQ-SHO,LIQ-SHOCHU,ACTIVE
LIQUOR,LIQ-SOJ,LIQ-SOJU,ACTIVE
LIQUOR,LIQ-TQL,LIQ-TEQUILA,ACTIVE
LIQUOR,LIQ-VDK,LIQ-VODKA,ACTIVE
LIQUOR,LIQ-WHS,LIQ-WHISKY,ACTIVE
LIQUOR,LIQ-WNE,LIQ-WINE,ACTIVE
LAMB,LMB-RIB,LMB-RIBS,ACTIVE
LAMB,LMB-SHL,LMB-SHOULDER,ACTIVE
LIQUER,LQU-TRS,LQU-TRIPLE SEC,ACTIVE
MEDICAL SUPPLIES,MDS-ALC,MDS-ALCOHOL,ACTIVE
MEDICAL SUPPLIES,MDS-AMO,MDS-AMONIA,ACTIVE
MEDICAL SUPPLIES,MDS-BAA,MDS-BAND AID,ACTIVE
MEDICAL SUPPLIES,MDS-BTD,MDS-BETADINE,ACTIVE
MEDICAL SUPPLIES,MDS-CLC,MDS-COLD COMPRESS,ACTIVE
MEDICAL SUPPLIES,MDS-COB,MDS-COTTON BALLS,ACTIVE
MEDICAL SUPPLIES,MDS-EMK,MDS-EMERGENCY KIT,ACTIVE
MEDICAL SUPPLIES,MDS-MDC,MDS-MEDICINE,ACTIVE
MEDICAL SUPPLIES,MDS-SCI,MDS-SCISSORS,ACTIVE
MEDICAL SUPPLIES,MDS-SYRINGE,MDS-SYRINGE,ACTIVE
MEDICAL SUPPLIES,MDS-TBL,MDS-TABLET,ACTIVE
MEDICAL SUPPLIES,MDS-TPE,MDS-TAPE,ACTIVE
MEDICAL SUPPLIES,MDS-THM,MDS-THERMOMETER,ACTIVE
MUSHROOMS,MSH-BUT,MSH-BUTTON,ACTIVE
MUSHROOMS,MSH-ENK,MSH-ENOKI,ACTIVE
MUSHROOMS,MSH-FGS,MSH-FUNGUS,ACTIVE
MUSHROOMS,MSH-OYS,MSH-OYSTER,ACTIVE
MUSHROOMS,MSH-POR,MSH-PORTOBELLO,ACTIVE
MUSHROOMS,MSH-SHM,MSH-SHIMEJI,ACTIVE
MUSHROOMS,MSH-SHT,MSH-SHITAKE,ACTIVE
MUSHROOMS,MSH-WDR,MSH-WOOD EAR,ACTIVE
NON ALCOHOLIC DRINKS,NAD-CO2,NAD-CO2,ACTIVE
NON ALCOHOLIC DRINKS,NAD-CFE,NAD-COFFEE,ACTIVE
NON ALCOHOLIC DRINKS,NAD-COW,NAD-COOKING WINE,ACTIVE
NON ALCOHOLIC DRINKS,NAD-JUI,NAD-JUICE,ACTIVE
NON ALCOHOLIC DRINKS,NAD-LIQ,NAD-LIQUER,ACTIVE
NON ALCOHOLIC DRINKS,NAD-MLK,NAD-MILK,ACTIVE
NON ALCOHOLIC DRINKS,NAD-SOD,NAD-SODA,ACTIVE
NON ALCOHOLIC DRINKS,NAD-TEA,NAD-TEA,ACTIVE
NON ALCOHOLIC DRINKS,NAD-WTR,NAD-WATER,ACTIVE
NOODLES,NDL-BKW,NDL-BUCKWHEAT,ACTIVE
NOODLES,NDL-EGG,NDL-EGG,ACTIVE
NOODLES,NDL-RMN,NDL-RAMEN,ACTIVE
NOODLES,NDL-RCE,NDL-RICE,ACTIVE
NOODLES,NDL-SBA,NDL-SOBA,ACTIVE
NOODLES,NDL-TSU,NDL-TSUKEMEN,ACTIVE
NOODLES,NDL-VMC,NDL-VERMICELLI,ACTIVE
NON-LIQUOR,NLQ-JCE,NLQ-JUICE,ACTIVE
NON-LIQUOR,NLQ-TEA,NLQ-TEA,ACTIVE
NUTS,NUT-ALM,NUT-ALMONDS,ACTIVE
NUTS,NUT-CSH,NUT-CASHEW,ACTIVE
NUTS,NUT-HZL,NUT-HAZELNUT,ACTIVE
NUTS,NUT-MAC,NUT-MACADEMIA,ACTIVE
NUTS,NUT-PEA,NUT-PEANUTS,ACTIVE
NUTS,NUT-PCN,NUT-PECAN,ACTIVE
NUTS,NUT-PLI,NUT-PILI,ACTIVE
NUTS,NUT-PNE,NUT-PINE,ACTIVE
NUTS,NUT-PIS,NUT-PISTACHIOS,ACTIVE
NUTS,NUT-SPD,NUT-SPREADS,ACTIVE
NUTS,NUT-WAL,NUT-WALNUTS,ACTIVE
OFFICE EQUIPMENT,OEQ-ACO,OEQ-AIR CONDITIONER,ACTIVE
OFFICE EQUIPMENT,OEQ-ADF,OEQ-AIR DEFLECTOR,ACTIVE
OFFICE EQUIPMENT,OEQ-AMP,OEQ-AMPLIFIER,ACTIVE
OFFICE EQUIPMENT,OEQ-BIO,OEQ-BIOMETRICS,ACTIVE
OFFICE EQUIPMENT,OEQ-BZR,OEQ-BUZZER,ACTIVE
OFFICE EQUIPMENT,OEQ-BZC,OEQ-BUZZER CHARGER,ACTIVE
OFFICE EQUIPMENT,OEQ-CBN,OEQ-CABINET,ACTIVE
OFFICE EQUIPMENT,OEQ-CAD,OEQ-CASH DRAWER,ACTIVE
OFFICE EQUIPMENT,OEQ-CCT,OEQ-CCTV CAMERA,ACTIVE
OFFICE EQUIPMENT,OEQ-CEF,OEQ-CEILING FAN,ACTIVE
OFFICE EQUIPMENT,OEQ-CHR,OEQ-CHAIR,ACTIVE
OFFICE EQUIPMENT,OEQ-COP,OEQ-COASTER PAGER,ACTIVE
OFFICE EQUIPMENT,OEQ-MON,OEQ-COMPUTER MONITOR,ACTIVE
OFFICE EQUIPMENT,OEQ-CPU,OEQ-CPU,ACTIVE
OFFICE EQUIPMENT,OEQ-DVR,OEQ-DVR,ACTIVE
OFFICE EQUIPMENT,OEQ-FLP,OEQ-FLOOR POLISHER,ACTIVE
OFFICE EQUIPMENT,OEQ-HAP,OEQ-HAND PALLET,ACTIVE
OFFICE EQUIPMENT,OEQ-HRD,OEQ-HARD DRIVE,ACTIVE
OFFICE EQUIPMENT,OEQ-KYB,OEQ-KEYBOARD,ACTIVE
OFFICE EQUIPMENT,OEQ-KIP,OEQ-KITCHEN PRINTER,ACTIVE
OFFICE EQUIPMENT,OEQ-LTP,OEQ-LAPTOP,ACTIVE
OFFICE EQUIPMENT,OEQ-LKR,OEQ-LOCKER,ACTIVE
OFFICE EQUIPMENT,OEQ-MCR,OEQ-MICROPHONE,ACTIVE
OFFICE EQUIPMENT,OEQ-MBP,OEQ-MOBILE PHONE,ACTIVE
OFFICE EQUIPMENT,OEQ-MSE,OEQ-MOUSE,ACTIVE
OFFICE EQUIPMENT,OEQ-OFP,OEQ-OFFICE PRINTER,ACTIVE
OFFICE EQUIPMENT,OEQ-PWS,OEQ-POWER SUPPLY,ACTIVE
OFFICE EQUIPMENT,OEQ-PRJ,OEQ-PROJECTOR,ACTIVE
OFFICE EQUIPMENT,OEQ-RCK,OEQ-RACKS,ACTIVE
OFFICE EQUIPMENT,OEQ-SIT,OEQ-SIGNAL TRANSMITTER,ACTIVE
OFFICE EQUIPMENT,OEQ-SPK,OEQ-SPEAKERS,ACTIVE
OFFICE EQUIPMENT,OEQ-TBL,OEQ-TABLE,ACTIVE
OFFICE EQUIPMENT,OEQ-TAB,OEQ-TABLET,ACTIVE
OFFICE EQUIPMENT,OEQ-TLV,OEQ-TELEVISION,ACTIVE
OFFICE EQUIPMENT,OEQ-TRS,OEQ-TRANSFORMER,ACTIVE
OFFICE EQUIPMENT,OEQ-TWR,OEQ-TWO WAY RADIO,ACTIVE
OFFICE EQUIPMENT,OEQ-UPS,OEQ-UPS,ACTIVE
OFFICE EQUIPMENT,OEQ-WIR,OEQ-WIRELESS ROUTER,ACTIVE
OFFICE SUPPLIES,OFS-AKR,OFS-ACKNOWLEDGEMENT RECEIPT,ACTIVE
OFFICE SUPPLIES,OFS-BAT,OFS-BATTERY,ACTIVE
OFFICE SUPPLIES,OFS-BOA,OFS-BOARD,ACTIVE
OFFICE SUPPLIES,OFS-CCL,OFS-CALCULATOR,ACTIVE
OFFICE SUPPLIES,OFS-CHB,OFS-CASH BOX,ACTIVE
OFFICE SUPPLIES,OFS-CLP,OFS-CLIPS,ACTIVE
OFFICE SUPPLIES,OFS-CMN,OFS-COLUMNAR NOTEBOOK,ACTIVE
OFFICE SUPPLIES,OFS-CTE,OFS-CUTTER,ACTIVE
OFFICE SUPPLIES,OFS-DPH,OFS-DISPLAY HOLDER,ACTIVE
OFFICE SUPPLIES,OFS-EAS,OFS-EASEL STAND,ACTIVE
OFFICE SUPPLIES,OFS-ENV,OFS-ENVELOPE,ACTIVE
OFFICE SUPPLIES,OFS-FST,OFS-FASTENER,ACTIVE
OFFICE SUPPLIES,OFS-FLD,OFS-FOLDER,ACTIVE
OFFICE SUPPLIES,OFS-HDT,OFS-HAND TOOLS,ACTIVE
OFFICE SUPPLIES,OFS-HLR,OFS-HIGHLIGHTER,ACTIVE
OFFICE SUPPLIES,OFS-INK,OFS-INK,ACTIVE
OFFICE SUPPLIES,OFS-IKP,OFS-INK PRINTER,ACTIVE
OFFICE SUPPLIES,OFS-LGB,OFS-LOGBOOK,ACTIVE
OFFICE SUPPLIES,OFS-MRK,OFS-MARKER,ACTIVE
OFFICE SUPPLIES,OFS-MND,OFS-MONEY DETECTOR,ACTIVE
OFFICE SUPPLIES,OFS-PDL,OFS-PAD LOCK,ACTIVE
OFFICE SUPPLIES,OFS-PNB,OFS-PAINT BRUSH,ACTIVE
OFFICE SUPPLIES,OFS-PAP,OFS-PAPER,ACTIVE
OFFICE SUPPLIES,OFS-PEN,OFS-PEN,ACTIVE
OFFICE SUPPLIES,OFS-PNC,OFS-PENCIL,ACTIVE
OFFICE SUPPLIES,OFS-PTV,OFS-PETTY CASH VOUCHER,ACTIVE
OFFICE SUPPLIES,OFS-RIB,OFS-RIBBON,ACTIVE
OFFICE SUPPLIES,OFS-RCR,OFS-RIBBON CARTRIDGE,ACTIVE
OFFICE SUPPLIES,OFS-RBB,OFS-RUBBER BAND,ACTIVE
OFFICE SUPPLIES,OFS-RLR,OFS-RULER,ACTIVE
OFFICE SUPPLIES,OFS-SCR,OFS-SCISSORS,ACTIVE
OFFICE SUPPLIES,OFS-STP,OFS-STAMP,ACTIVE
OFFICE SUPPLIES,OFS-SLP,OFS-STAPLER,ACTIVE
OFFICE SUPPLIES,OFS-STW,OFS-STAPLER WIRE,ACTIVE
OFFICE SUPPLIES,OFS-STK,OFS-STICKERS,ACTIVE
OFFICE SUPPLIES,OFS-STB,OFS-STORAGE BOX,ACTIVE
OFFICE SUPPLIES,OFS-TPE,OFS-TAPE,ACTIVE
OFFICE SUPPLIES,OFS-TDP,OFS-TAPE DISPENSER,ACTIVE
OFFICE SUPPLIES,OFS-TMC,OFS-TIME CARD,ACTIVE
OFFICE SUPPLIES,OFS-TNC,OFS-TONER CARTRIDGE,ACTIVE
OFFICE SUPPLIES,OFS-TLB,OFS-TOOL BOX,ACTIVE
OFFICE SUPPLIES,OFS-VLT,OFS-VAULT,ACTIVE
OFFICE SUPPLIES,OFS-VCH,OFS-VOUCHER,ACTIVE
OFFICE SUPPLIES,OFS-WCK,OFS-WALL CLOCK,ACTIVE
OIL,OIL-COL,OIL-COOKING OIL,ACTIVE
OIL,OIL-EML,OIL-EMULSIFIER,ACTIVE
OIL,OIL-FLV,OIL-FLAVORED,ACTIVE
OIL,OIL-LAR,OIL-LARD,ACTIVE
OIL,OIL-SCH,OIL-SCHMALTZ,ACTIVE
OTHER FEES,OTF-LBM,OTF-LABOR & MATERIALS FEE,ACTIVE
OTHER FEES,OTF-PRF,OTF-PROFESSIONAL FEES,ACTIVE
OTHER FEES,OTF-POG,OTF-PURCHASE OF GOODS,ACTIVE
OTHER FEES,OTF-RTF,OTF-RENTAL FEES,ACTIVE
OTHER FEES,OTF-SVC,OTF-SERVICES,ACTIVE
OX,OX0-TAI,OX0-TAIL,ACTIVE
OX,OX0-TNG,OX0-TONGUE,ACTIVE
PLANT,PLN-ALS,PLN-ALFALFA SPROUT,ACTIVE
PLANT,PLN-BNL,PLN-BANANA LEAVES,ACTIVE
PLANT,PLN-BAL,PLN-BAY LEAF,ACTIVE
PLANT,PLN-CMT,PLN-CAMOTE TOPS,ACTIVE
PLANT,PLN-CPR,PLN-CAPERS,ACTIVE
PLANT,PLN-CHS,PLN-CHIA SEED,ACTIVE
PLANT,PLN-CLU,PLN-CURRY LEAVES,ACTIVE
PLANT,PLN-GNG,PLN-GINGER,ACTIVE
PLANT,PLN-HIB,PLN-HIBISCUS,ACTIVE
PLANT,PLN-LMG,PLN-LEMONGRASS,ACTIVE
PLANT,PLN-LNT,PLN-LENTILS,ACTIVE
PLANT,PLN-MIG,PLN-MICRO GREENS,ACTIVE
PLANT,PLN-PNL,PLN-PANDAN LEAVES,ACTIVE
PLANT,PLN-SWD,PLN-SEAWEED,ACTIVE
PLANT,PLN-SSM,PLN-SESAME SEED,ACTIVE
PLANT,PLN-SHL,PLN-SHISO LEAVES,ACTIVE
PAPER,PPR-FLT,PPR-FILTER,ACTIVE
PAPER,PPR-PCM,PPR-PARCHMENT,ACTIVE
PAPER,PPR-WAX,PPR-WAX,ACTIVE
PORK,PRK-ASD,PRK-ASADO,ACTIVE
PORK,PRK-BCF,PRK-BACK FAT,ACTIVE
PORK,PRK-BKB,PRK-BACKBONE,ACTIVE
PORK,PRK-BAC,PRK-BACON,ACTIVE
PORK,PRK-BKR,PRK-BAKURETSU,ACTIVE
PORK,PRK-BLY,PRK-BELLY,ACTIVE
PORK,PRK-BTT,PRK-BUTT,ACTIVE
PORK,PRK-BUB,PRK-BUTTON BONES,ACTIVE
PORK,PRK-CHA,PRK-CHASHU,ACTIVE
PORK,PRK-CHK,PRK-CHEEK,ACTIVE
PORK,PRK-DUM,PRK-DUMPLINGS,ACTIVE
PORK,PRK-EAR,PRK-EARS,ACTIVE
PORK,PRK-RP,PRK-GROUND PORK,ACTIVE
PORK,PRK-GYO,PRK-GYOZA,ACTIVE
PORK,PRK-HAM,PRK-HAM,ACTIVE
PORK,PRK-HDB,PRK-HEADBONE,ACTIVE
PORK,PRK-HTD,PRK-HOTDOG,ACTIVE
PORK,PRK-INT,PRK-INTESTINE,ACTIVE
PORK,PRK-KKN,PRK-KAKUNI,ACTIVE
PORK,PRK-LGB,PRK-LEGBONE,ACTIVE
PORK,PRK-LVR,PRK-LIVER,ACTIVE
PORK,PRK-LOI,PRK-LOIN,ACTIVE
PORK,PRK-LCM,PRK-LUNCHEON MEAT,ACTIVE
PORK,PRK-MSK,PRK-MASK,ACTIVE
PORK,PRK-MTB,PRK-MEATBALLS,ACTIVE
PORK,PRK-PNC,PRK-PANCETTA,ACTIVE
PORK,PRK-PRC,PRK-PORKCHOP,ACTIVE
PORK,PRK-PRS,PRK-PROSCIUTTO,ACTIVE
PORK,PRK-RIB,PRK-RIBS,ACTIVE
PORK,PRK-SLM,PRK-SALAMI,ACTIVE
PORK,PRK-SAU,PRK-SAUSAGE,ACTIVE
PORK,PRK-SCR,PRK-SCRAP,ACTIVE
PORK,PRK-SHL,PRK-SHOULDER,ACTIVE
PORK,PRK-SIO,PRK-SIOMAI,ACTIVE
PORK,PRK-SFB,PRK-SOFTBONE,ACTIVE
PORK,PRK-SPM,PRK-SPAM,ACTIVE
PORK,PRK-TRT,PRK-TROTTER,ACTIVE
PASTA,PST-FRF,PST-FARFALLE,ACTIVE
PASTA,PST-FTC,PST-FETTUCINE,ACTIVE
PASTA,PST-FUS,PST-FUSILLI,ACTIVE
PASTA,PST-LSG,PST-LASAGNA,ACTIVE
PASTA,PST-LNG,PST-LINGUINE,ACTIVE
PASTA,PST-MCR,PST-MACARONI,ACTIVE
PASTA,PST-PNE,PST-PENNE,ACTIVE
PASTA,PST-SPG,PST-SPAGHETTI,ACTIVE
SAUCE,SCE-FLV,SCE-FLAVORED SAUCE,ACTIVE
SAUCE,SCE-SAD,SCE-SALAD DRESSING,ACTIVE
SAUCE,SCE-SPS,SCE-SPECIALTY SAUCE,ACTIVE
SEASONING,SEA-PWD,SEA-POWDER,ACTIVE
SEASONING,SEA-SLT,SEA-SALT,ACTIVE
SEASONING,SEA-SOY,SEA-SOY SAUCE,ACTIVE
SEASONING,SEA-VNG,SEA-VINEGAR,ACTIVE
SEAFOOD,SFD-ANC,SFD-ANCHOVIES,ACTIVE
SEAFOOD,SFD-APH,SFD-APAHAP,ACTIVE
SEAFOOD,SFD-CKW,SFD-CHIKUWA,ACTIVE
SEAFOOD,SFD-CLM,SFD-CLAMS,ACTIVE
SEAFOOD,SFD-CRB,SFD-CRAB,ACTIVE
SEAFOOD,SFD-CLT,SFD-CRABLETS,ACTIVE
SEAFOOD,SFD-CTF,SFD-CUTTLEFISH,ACTIVE
SEAFOOD,SFD-EBK,SFD-EBIKO,ACTIVE
SEAFOOD,SFD-EEL,SFD-EEL,ACTIVE
SEAFOOD,SFD-FSK,SFD-FISH CAKE,ACTIVE
SEAFOOD,SFD-GND,SFD-GINDARA,ACTIVE
SEAFOOD,SFD-LAP,SFD-LAPU LAPU,ACTIVE
SEAFOOD,SFD-LBS,SFD-LOBSTER,ACTIVE
SEAFOOD,SFD-MCK,SFD-MACKEREL,ACTIVE
SEAFOOD,SFD-MNT,SFD-MENTAIKO,ACTIVE
SEAFOOD,SFD-MKF,SFD-MILKFISH,ACTIVE
SEAFOOD,SFD-MSL,SFD-MUSSELS,ACTIVE
SEAFOOD,SFD-NRT,SFD-NARUTO,ACTIVE
SEAFOOD,SFD-OCT,SFD-OCTOPUS,ACTIVE
SEAFOOD,SFD-OYS,SFD-OYSTER,ACTIVE
SEAFOOD,SFD-SAL,SFD-SALMON,ACTIVE
SEAFOOD,SFD-SRD,SFD-SARDINES,ACTIVE
SEAFOOD,SFD-SCL,SFD-SCALLOPS,ACTIVE
SEAFOOD,SFD-SEU,SFD-SEA URCHIN,ACTIVE
SEAFOOD,SFD-SHM,SFD-SHRIMP,ACTIVE
SEAFOOD,SFD-SIL,SFD-SILAGO,ACTIVE
SEAFOOD,SFD-SLF,SFD-SILVER FISH,ACTIVE
SEAFOOD,SFD-SLE,SFD-SOLE,ACTIVE
SEAFOOD,SFD-SQD,SFD-SQUID,ACTIVE
SEAFOOD,SFD-TLP,SFD-TILAPIA,ACTIVE
SEAFOOD,SFD-TBK,SFD-TOBIKO,ACTIVE
SEAFOOD,SFD-TNA,SFD-TUNA,ACTIVE
SPICES,SPC-CAR,SPC-CARDAMOM,ACTIVE
SPICES,SPC-CRW,SPC-CARRAWAY,ACTIVE
SPICES,SPC-CNS,SPC-CINNAMON,ACTIVE
SPICES,SPC-CLV,SPC-CLOVES,ACTIVE
SPICES,SPC-CRS,SPC-CORIANDER SEED,ACTIVE
SPICES,SPC-CMN,SPC-CUMIN,ACTIVE
SPICES,SPC-DRD,SPC-DRIED,ACTIVE
SPICES,SPC-FEN,SPC-FENNEL,ACTIVE
SPICES,SPC-GAM,SPC-GARAM MASALA,ACTIVE
SPICES,SPC-MSS,SPC-MUSTARD SEEDS,ACTIVE
SPICES,SPC-NTM,SPC-NUTMEG,ACTIVE
SPICES,SPC-PPR,SPC-PEPPER,ACTIVE
SPICES,SPC-PWD,SPC-POWDER,ACTIVE
SPICES,SPC-SZE,SPC-SZECHUAN,ACTIVE
SPICES,SPC-TUR,SPC-TURMERIC,ACTIVE
STOCK,STO-SOU,STO-SOUP,ACTIVE
STARCH,STR-KOJ,STR-KONJAC JELLY,ACTIVE
STARCH,STR-PWD,STR-POWDER,ACTIVE
STARCH,STR-SNK,STR-SINK,ACTIVE
STARCH,STR-SKR,STR-SINKERS,ACTIVE
TOILET FIXTURES,TLF-DPC,TLF-DIAPER CHANGING STATION,ACTIVE
TOILET FIXTURES,TLF-FCT,TLF-FAUCET,ACTIVE
TOILET FIXTURES,TLF-HDR,TLF-HAND DRYER,ACTIVE
TOILET FIXTURES,TLF-HDB,TLF-HANDLE BAR,ACTIVE
TOILET FIXTURES,TLF-LVT,TLF-LAVATORY,ACTIVE
TOILET FIXTURES,TLF-MRR,TLF-MIRROR,ACTIVE
TOILET FIXTURES,TLF-SPD,TLF-SOAP DISPENSER,ACTIVE
TOILET FIXTURES,TLF-TSH,TLF-TISSUE HOLDER,ACTIVE
TOILET FIXTURES,TLF-URI,TLF-URINAL,ACTIVE
TOILET FIXTURES,TLF-WTC,TLF-WATER CLOSET,ACTIVE
UNIFORMS,UNI-APR,UNI-APRON,ACTIVE
UNIFORMS,UNI-BTS,UNI-BOOTS,ACTIVE
UNIFORMS,UNI-CAP,UNI-CAP,ACTIVE
UNIFORMS,UNI-CHK,UNI-CHEF'S JACKET,ACTIVE
UNIFORMS,UNI-FCM,UNI-FACEMASK,ACTIVE
UNIFORMS,UNI-FZJ,UNI-FREEZER JACKET,ACTIVE
UNIFORMS,UNI-HAT,UNI-HAT,ACTIVE
UNIFORMS,UNI-LBG,UNI-LABORATORY GOWN,ACTIVE
UNIFORMS,UNI-NMP,UNI-NAME PLATE,ACTIVE
UNIFORMS,UNI-NKC,UNI-NECKERCHIEF,ACTIVE
UNIFORMS,UNI-PNT,UNI-PANTS,ACTIVE
UNIFORMS,UNI-RAI,UNI-RAINCOAT,ACTIVE
UNIFORMS,UNI-SHT,UNI-SHIRT,ACTIVE
UNIFORMS,UNI-SOE,UNI-SHOES,ACTIVE
UNIFORMS,UNI-UTB,UNI-UTILITY BAG,ACTIVE
VEGETABLE,VGT-AMP,VGT-AMPALAYA,ACTIVE
VEGETABLE,VGT-ASP,VGT-ASPARAGUS,ACTIVE
VEGETABLE,VGT-BMS,VGT-BAMBOO SHOOT,ACTIVE
VEGETABLE,VGT-BNS,VGT-BEANS,ACTIVE
VEGETABLE,VGT-BER,VGT-BEET ROOT,ACTIVE
VEGETABLE,VGT-BKC,VGT-BOKCHOY,ACTIVE
VEGETABLE,VGT-BRO,VGT-BROCOLLI,ACTIVE
VEGETABLE,VGT-CBG,VGT-CABBAGE,ACTIVE
VEGETABLE,VGT-CNG,VGT-CANNED GOODS,ACTIVE
VEGETABLE,VGT-CRO,VGT-CARROTS,ACTIVE
VEGETABLE,VGT-CAU,VGT-CAULIFLOWER,ACTIVE
VEGETABLE,VGT-CLR,VGT-CELERY,ACTIVE
VEGETABLE,VGT-CHV,VGT-CHIVES,ACTIVE
VEGETABLE,VGT-CRN,VGT-CORN,ACTIVE
VEGETABLE,VGT-CCM,VGT-CUCUMBER,ACTIVE
VEGETABLE,VGT-GRL,VGT-GARLIC,ACTIVE
VEGETABLE,VGT-GNG,VGT-GINGER,ACTIVE
VEGETABLE,VGT-KLE,VGT-KALE,ACTIVE
VEGETABLE,VGT-KUC,VGT-KUCHAY,ACTIVE
VEGETABLE,VGT-LKS,VGT-LEEKS,ACTIVE
VEGETABLE,VGT-LET,VGT-LETTUCE,ACTIVE
VEGETABLE,VGT-LOR,VGT-LOTUS ROOT,ACTIVE
VEGETABLE,VGT-MLG,VGT-MALUNGGAY,ACTIVE
VEGETABLE,VGT-MSG,VGT-MUSTARD GREENS,ACTIVE
VEGETABLE,VGT-OKR,VGT-OKRA,ACTIVE
VEGETABLE,VGT-ONI,VGT-ONION,ACTIVE
VEGETABLE,VGT-PEA,VGT-PEAS,ACTIVE
VEGETABLE,VGT-PCY,VGT-PECHAY,ACTIVE
VEGETABLE,VGT-PTT,VGT-POTATO,ACTIVE
VEGETABLE,VGT-PWD,VGT-POWDER,ACTIVE
VEGETABLE,VGT-RDS,VGT-RADISH,ACTIVE
VEGETABLE,VGT-SYT,VGT-SAYOTE,ACTIVE
VEGETABLE,VGT-SNP,VGT-SNOW PEAS,ACTIVE
VEGETABLE,VGT-SPN,VGT-SPINACH,ACTIVE
VEGETABLE,VGT-SQU,VGT-SQUASH,ACTIVE
VEGETABLE,VGT-TAR,VGT-TARO,ACTIVE
VEGETABLE,VGT-TNP,VGT-TURNIP,ACTIVE
VEGETABLE,VGT-WTC,VGT-WATERCRESS,ACTIVE
VEGETABLE,VGT-YAM,VGT-YAM,ACTIVE
WRAPPER,WRP-RCE,WRP-RICE,ACTIVE
WRAPPER,WRP-WNT,WRP-WANTON,ACTIVE
