Brand Code,Brand Description,Status
3D0,3D,ACTIVE
3M0,3M,ACTIVE
42B,42 BELOW,ACTIVE
555,555,ACTIVE
GNS,7GRAINS,ACTIVE
A&W,A&W,ACTIVE
A4T,A4TECH,ACTIVE
ABC,ABC,ACTIVE
ABS,ABS,ACTIVE
ABL,ABSOLUTE,ACTIVE
ACE,ACE,ACTIVE
AER,ACER,ACTIVE
ACM,ACME,ACTIVE
ADN,ADAMSON,ACTIVE
ADC,ADCRAFT,ACTIVE
ADE,ADE,ACTIVE
ADM,ADMIRAL,ACTIVE
ADV,ADVENTURER,ACTIVE
AGU,AGUILA,ACTIVE
AHL,AHLBORN,ACTIVE
AHT,AHT,ACTIVE
AIR,AIRTECH,ACTIVE
AJI,AJINOMOTO,ACTIVE
AKR,AKARI,ACTIVE
ALA,ALASKA,ACTIVE
ALN,ALATONE,ACTIVE
ALX,ALAXAN,ACTIVE
ALB,ALBA,ACTIVE
ABR,ALBORADA,ACTIVE
ALC,ALCOCHEM,ACTIVE
ALG,ALEGACY,ACTIVE
ALS,ALESSIA,ACTIVE
ALZ,ALIANZA,ACTIVE
AAM,ALL AMERICAN,ACTIVE
ASL,ALL STAR LIGHT,ACTIVE
ALL,ALLDO,ACTIVE
AGR,ALLEGRE,ACTIVE
ALE,ALLEGRO,ACTIVE
ALM,ALMADECO,ACTIVE
ALP,ALPENLIEBE,ACTIVE
ALT,ALT,ACTIVE
ATA,ALTA,ACTIVE
AMG,AMERICAN GARDEN,ACTIVE
AMH,AMERICAN HERITAGE,ACTIVE
AMR,AMERICAN HOME,ACTIVE
AMM,AMERICAN METALCRAFT,ACTIVE
AMI,AMIRAH,ACTIVE
AMY,AMOY,ACTIVE
ANA,AN AN,ACTIVE
ANC,ANCHOR,ACTIVE
AND,ANDES,ACTIVE
ANG,ANGEL,ACTIVE
ANB,ANGOSTURA BITTER,ACTIVE
AGC,ANGUS CAB,ACTIVE
AHJ,ANNIE'S HANY JR.,ACTIVE
ACO,ANYCOOK,ACTIVE
AOC,AOC,ACTIVE
APC,APC,ACTIVE
APL,APPLE,ACTIVE
AQS,AQUASAFE,ACTIVE
ARW,ARAWAN,ACTIVE
ARD,ARCE DAIRY,ACTIVE
ACR,ARCOROC,ACTIVE
ARC,ARCOS,ACTIVE
ARL,ARLA,ACTIVE
A&H,ARM & HAMMER,ACTIVE
AMK,ARMAK,ACTIVE
ARM,ARMSTRONG,ACTIVE
ARS,ARTIS,ACTIVE
ART,ARTLINE,ACTIVE
ASH,ASAHI,ACTIVE
AHG,ASIAN HOME GOURMET,ACTIVE
ASD,ASSAD,ACTIVE
ASU,ASUKI,ACTIVE
ASS,ASUS,ACTIVE
ATC,ATECO,ACTIVE
ATH,ATHENA,ACTIVE
ATL,ATLAS,ACTIVE
ATO,ATOSA,ACTIVE
AUD,AUDIO PRO,ACTIVE
AUR,AURO,ACTIVE
AUM,AUSBEIN MESSER,ACTIVE
AUS,AUSTRALIAN HARVEST,ACTIVE
AVK,AVIKO,ACTIVE
AVT,AVTECH,ACTIVE
AWC,AWARD CUISINE,ACTIVE
AYM,AYAM,ACTIVE
BCR,BACARDI,ACTIVE
BDC,BADACO,ACTIVE
BAG,BAGUIO,ACTIVE
BKL,BAKELS PETTINICE,ACTIVE
BKB,BAKER BROTHER'S,ACTIVE
BAB,BAKER'S BEST,ACTIVE
BAS,BAKER'S SECRET,ACTIVE
BKF,BAKERSFIELD,ACTIVE
BKP,BAKERSPRIDE,ACTIVE
BAK,BAKEWELL,ACTIVE
BAD,BAKING DIVA,ACTIVE
BKT,BAKTAT,ACTIVE
BLW,BALIWAG,ACTIVE
BAL,BALL,ACTIVE
BMB,BAMBI,ACTIVE
BAN,BANGO,ACTIVE
BTZ,BARATZA,ACTIVE
BRL,BARILLA,ACTIVE
BSW,BARN SWALLOW,ACTIVE
BAO,BARON,ACTIVE
BAR,BARONIA,ACTIVE
BAF,BARRIO FIESTA,ACTIVE
BCB,BARRY CALLEBAUT,ACTIVE
BSC,BARTSCHER,ACTIVE
BAT,BATASIOLO,ACTIVE
BYB,BAYANI BREW,ACTIVE
BAY,BAYGON,ACTIVE
BGA,BEGA,ACTIVE
BEK,BEKSUL,ACTIVE
BLC,BELACHAN,ACTIVE
BEA,BELLA STAR,ACTIVE
BEL,BELLAS,ACTIVE
BEN,BENRINER,ACTIVE
BTA,BERETTA,ACTIVE
BJY,BERJAYA,ACTIVE
BER,BERRI,ACTIVE
BRY,BERYL'S,ACTIVE
BSB,BEST BUY,ACTIVE
BSF,BEST FOOD,ACTIVE
BSV,BEST VALUE,ACTIVE
BST,BESUTO,ACTIVE
BTD,BETADINE,ACTIVE
BIA,BIANCA,ACTIVE
BID,BIDAN,ACTIVE
BSP,BIG SCOOP,ACTIVE
BIM,BILLIE'S MARKETING,ACTIVE
BMX,BINDERMAX,ACTIVE
BPK,BIO PORT KOREA,ACTIVE
BFL,BIOFLU,ACTIVE
BGS,BIOGESIC,ACTIVE
BIK,BIOKIPS,ACTIVE
BIP,BIOPACK,ACTIVE
BHT,BIRCH TREE,ACTIVE
BTT,BITTER TRUTH,ACTIVE
BLG,BLACK GOLD,ACTIVE
B&D,BLACK&DECKER,ACTIVE
BLZ,BLIZZARD,ACTIVE
BLU,BLUE DIAMOND,ACTIVE
BOB,BOB'S RED MILL,ACTIVE
BOD,BODE,ACTIVE
BIH,BOEHRINGER INGELHEIM,ACTIVE
BOI,BOIDO,ACTIVE
BSH,BOMBAY SAPPHIRE,ACTIVE
BNV,BONAVITA,ACTIVE
BON,BONNE MAMAN,ACTIVE
BNM,BONOMI,ACTIVE
BBC,BOONDOCKS BREWERING CO.,ACTIVE
BGV,BORGONOVO,ACTIVE
BOR,BORMIOLI ROCCO,ACTIVE
BOS,BOSCO,ACTIVE
BSE,BOSE,ACTIVE
BNC,BOUNCE,ACTIVE
BFI,BOUNTY FARMS,ACTIVE
BOF,BOUNTY FRESH,ACTIVE
BGT,BOURGEAT,ACTIVE
BOY,BOY BAWANG,ACTIVE
BRB,BRABANTIA,ACTIVE
BBT,BRANBANTIA,ACTIVE
BRN,BRAUN,ACTIVE
BRM,BREMEN,ACTIVE
BRR,BRER,ACTIVE
BRE,BREVILLE,ACTIVE
BWK,BREW KETTLE,ACTIVE
BTM,BREWTIME,ACTIVE
BRI,BRIDOR,ACTIVE
BRG,BRIGGS,ACTIVE
BRA,BRITA,ACTIVE
BTN,BRITANNIA,ACTIVE
BRT,BRITE,ACTIVE
BRO,BROTHER,ACTIVE
BLA,BULLA,ACTIVE
BLD,BULLDOG,ACTIVE
BUL,BULLHEAD,ACTIVE
BNG,BUNGE,ACTIVE
CAC,CACAO IVORY,ACTIVE
CCH,CACHACA,ACTIVE
CBR,CADBURY,ACTIVE
CDA,CADIA,ACTIVE
CAE,CAE,ACTIVE
CAG,CAELI GOURMET,ACTIVE
CTO,CAFETTO,ACTIVE
CAB,CALABOO,ACTIVE
CFN,CALIFORNIA,ACTIVE
CLF,CALIFORNIA SUNSHINE,ACTIVE
CAL,CALLEBAUT,ACTIVE
CLP,CALPHALON,ACTIVE
CLM,CALUMET,ACTIVE
CLY,CALYPSO PP,ACTIVE
CAM,CAMANCHACA,ACTIVE
CMB,CAMBRO,ACTIVE
CML,CAMEL,ACTIVE
CAT,CAMELOT,ACTIVE
CMP,CAMPARI,ACTIVE
CMR,CAMRY,ACTIVE
CAD,CANADA DRY,ACTIVE
CND,CANDY,ACTIVE
CNT,CANTERBURY,ACTIVE
CAF,CAPFRUIT,ACTIVE
CPR,CAPRI,ACTIVE
CAR,CARAMBA,ACTIVE
CGL,CARGILL,ACTIVE
CRL,CARLISLE,ACTIVE
CMC,CARMENCITA,ACTIVE
CRN,CARNATION,ACTIVE
CRB,CARRIBEAN,ACTIVE
CRR,CARRIER,ACTIVE
CCD,CASCADE,ACTIVE
CNO,CASINO,ACTIVE
CSN,CASINO NOIR,ACTIVE
CSO,CASIO,ACTIVE
CAS,CASTELLO,ACTIVE
CSL,CASTLE,ACTIVE
CDO,CDO,ACTIVE
CEB,CEBU,ACTIVE
CWR,CECILWARE,ACTIVE
CEM,CEMS,ACTIVE
CEN,CENTENNIAL ROSLE,ACTIVE
CRS,CERES,ACTIVE
CER,CERTIFIED ANGUS BEEF,ACTIVE
CHM,CHAMPION,ACTIVE
CHT,CHATRAMUE,ACTIVE
CHV,CHE VITAL,ACTIVE
CHP,CHEE PUCK,ACTIVE
CKY,CHEF KIMBY,ACTIVE
CHN,CHEF NOOK'S,ACTIVE
CHE,CHEF TONY'S,ACTIVE
CHC,CHEF'S CLASSIC,ACTIVE
CHG,CHEF'S GALLERY,ACTIVE
CFP,CHEF'S PRIDE,ACTIVE
CDL,CHEFDELITE,ACTIVE
CHF,CHEFLINE,ACTIVE
CMI,CHICAGO METALLIC,ACTIVE
CHI,CHIL KAB,ACTIVE
CVR,CHIVAS REGAL,ACTIVE
CHL,CHOCOLATE LOVERS,ACTIVE
CWB,CHOCOLATE WORLD BELGIUM,ACTIVE
CHO,CHONGAJIP,ACTIVE
CGA,CHONGGA,ACTIVE
CHS,CHUA HAN SENG,ACTIVE
CHY,CHUANYOU,ACTIVE
CHU,CHUNGEUN,ACTIVE
CHR,CHURCHILL,ACTIVE
CNS,CIGNUS,ACTIVE
CLI,CIRIMAR LABORATORIES INC.,ACTIVE
CIR,CIRIO,ACTIVE
CTN,CITINOVA,ACTIVE
CIT,CITRUS FARMS,ACTIVE
CJF,CJ,ACTIVE
CLA,CLAMSHELL,ACTIVE
CLO,CLARA OLE,ACTIVE
CSW,CLEAN SWEEP,ACTIVE
CLW,CLEAN WARE,ACTIVE
CLU,CLEANS-UP,ACTIVE
CRF,CLEAR RIVER FARM,ACTIVE
CLE,CLEENE,ACTIVE
CLK,CLKT,ACTIVE
CLB,CLUB MANGROVE,ACTIVE
COC,COCA-COLA,ACTIVE
CCI,COCIO,ACTIVE
CCO,COCO NATURA,ACTIVE
CQB,COFFEE QUEEN BREWERS,ACTIVE
COF,COFTA,ACTIVE
COI,COINTREAU,ACTIVE
COS,COLD STORAGE,ACTIVE
COE,COLEMAN,ACTIVE
CLS,COLES,ACTIVE
CLN,COLONNA,ACTIVE
COP,COLOP,ACTIVE
COL,COLUMBIAS,ACTIVE
CFT,COMFORT,ACTIVE
CO+,COMMIPLUS,ACTIVE
COM,COMMISSARY,ACTIVE
CPK,COMPAK,ACTIVE
CPE,COOPER,ACTIVE
COO,COOPER ATKINS,ACTIVE
COR,CORONA,ACTIVE
CEX,CORONA EXTRA,ACTIVE
CRU,CORRUPAC,ACTIVE
CVL,CORTE VIOLA,ACTIVE
CLV,COSMO LIVING,ACTIVE
CTM,COUNTRY TIME,ACTIVE
COZ,COZY,ACTIVE
CRP,CRAFTPOINT,ACTIVE
C&B,CRATE & BARREL,ACTIVE
CRT,CRATHCO,ACTIVE
CRM,CREAM,ACTIVE
CBK,CREATIVE BAKERS,ACTIVE
CVC,CREATIVE CHEF,ACTIVE
CRG,CREATIVE GOURMET,ACTIVE
CRK,CREEKSTONE,ACTIVE
CRE,CRESTON,ACTIVE
CRO,CROCODILE,ACTIVE
CRW,CROWN,ACTIVE
CCB,CROWS CRAFTING BREWERING,ACTIVE
CRC,CRYSTAL CLEAR,ACTIVE
CTC,CT CONCEPTS,ACTIVE
CTF,CTF,ACTIVE
CKO,CUCKOO,ACTIVE
CUI,CUISINART,ACTIVE
CYP,CYBER POWER,ACTIVE
CYC,CYCLONE,ACTIVE
DNK,D-LINK,ACTIVE
DCH,D'CHEF,ACTIVE
D&K,D&K,ACTIVE
DVG,DA VINCI GOURMET,ACTIVE
DAC,DACHEF,ACTIVE
DJG,DAE JANG GUM,ACTIVE
DAE,DAE JOO,ACTIVE
DRM,DAERIM,ACTIVE
DSN,DAESANG,ACTIVE
DHA,DAHUA,ACTIVE
DKN,DAIKIN,ACTIVE
DSO,DAISO,ACTIVE
DAD,DAN DAN,ACTIVE
DNE,DANE,ACTIVE
DAN,DANES,ACTIVE
DAR,DARUMA,ACTIVE
DPT,DATU PUTI,ACTIVE
DWN,DAWNPAC,ACTIVE
DDY,DAYDAYS,ACTIVE
DDI,DDI,ACTIVE
DEB,DE BUYER,ACTIVE
DCO,DECO,ACTIVE
DTH,DEE THAI,ACTIVE
DEG,DEGA,ACTIVE
DLM,DEL MONTE,ACTIVE
DLI,DELI,ACTIVE
DMN,DELIMONDO,ACTIVE
DLK,DELKI,ACTIVE
DEL,DELL,ACTIVE
DLT,DELTA,ACTIVE
DMR,DEMARLE,ACTIVE
DNB,DENBU,ACTIVE
DES,DESTILERIA LIMTUACO & CO. INC.,ACTIVE
DTP,DETPAK,ACTIVE
DEZ,DEZAAN,ACTIVE
DFC,DFC,ACTIVE
DGF,DGF,ACTIVE
DIL,DILMAH,ACTIVE
DME,DIMES,ACTIVE
DIS,DISARONNO,ACTIVE
DVL,DIVELLA,ACTIVE
DZN,DIZON,ACTIVE
DLA,DLA NATURAL,ACTIVE
DOT,DO IT,ACTIVE
DLE,DOLE,ACTIVE
DOG,DON GARCIA,ACTIVE
DON,DON LUCIANO,ACTIVE
DNP,DON PAPA,ACTIVE
DLN,DONA ELENA,ACTIVE
DNM,DONA MARIA,ACTIVE
DWL,DONEWELL,ACTIVE
DNT,DONGTAI,ACTIVE
DRS,DOROSIN,ACTIVE
DOW,DOWELL,ACTIVE
DRE,DREIDOPPEL,ACTIVE
DKM,DRINK MACHINE,ACTIVE
DUH,DUNCAN HINES,ACTIVE
DLX,DURALEX,ACTIVE
DUR,DURU,ACTIVE
DYX,DYNAMEX,ACTIVE
DYC,DYNAMIC,ACTIVE
DYN,DYNASTY,ACTIVE
E&W,E&W,ACTIVE
EAG,EAGLE,ACTIVE
EGW,EAGLEWARE,ACTIVE
ELD,EARLE'S DELICATESSEN,ACTIVE
EAS,EAST,ACTIVE
ELN,EASYLINER,ACTIVE
ECL,ECOLAB,ACTIVE
ECM,ECOLUM,ACTIVE
EMS,ECOMIST,ACTIVE
ECO,ECOTEMP,ACTIVE
EDI,EDISON,ACTIVE
EDL,EDLUND,ACTIVE
BDG,EDSA BDG,ACTIVE
EDW,EDWARDS,ACTIVE
EIO,EIGHT O'CLOCK,ACTIVE
EKO,EKO,ACTIVE
EME,EL MEXICANO,ACTIVE
ELX,ELECTROLUX,ACTIVE
E&V,ELLE & VIRE,ACTIVE
ELS,ELSIE'S,ACTIVE
ELY,ELY,ACTIVE
EMB,EMBORG,ACTIVE
EMM,EMMI,ACTIVE
EMP,EMPEROR,ACTIVE
ENE,ENERGIZER,ACTIVE
ENG,ENGKANTO,ACTIVE
ENO,ENOFRIGO,ACTIVE
EPN,EPINOX,ACTIVE
EPS,EPSON,ACTIVE
EQU,EQUAL,ACTIVE
ERG,ERGO,ACTIVE
ERS,ERNEST SOULARD,ACTIVE
ESE,ESSENTIAL EVERYDAY,ACTIVE
ESN,ESSENTIALS,ACTIVE
ETS,ETSUMI,ACTIVE
ERI,EURIAL,ACTIVE
EUP,EURO POMELLA,ACTIVE
ESW,EURO-SWISS,ACTIVE
EUR,EUROCHEF,ACTIVE
ESM,EUROSTREAM,ACTIVE
EVR,EVEREADY,ACTIVE
EVE,EVERPURE,ACTIVE
EVW,EVERWING,ACTIVE
EVO,EVO,ACTIVE
EXL,EXCEL,ACTIVE
EXC,EXCEL COOKER,ACTIVE
ECP,EXCELLENT COPY,ACTIVE
ECK,EXPERT COOK,ACTIVE
EZD,EZDO,ACTIVE
FAB,FABER CASTELL,ACTIVE
FAE,FAEMA,ACTIVE
FLB,FALSE BAY,ACTIVE
FBW,FARBERWARE,ACTIVE
FRM,FARMBOY,ACTIVE
FAT,FAT & THIN,ACTIVE
FLE,FEILITE,ACTIVE
FNB,FEINY BISCUITS,ACTIVE
FRN,FERNA,ACTIVE
FIB,FIBISCO,ACTIVE
FDC,FINE DE CLAIRE,ACTIVE
FNT,FINETI,ACTIVE
FIN,FINGANAE,ACTIVE
FLR,FLORENCE,ACTIVE
FLT,FLYTECH,ACTIVE
FOO,FOODEX,ACTIVE
FYL,FOYLE,ACTIVE
FRB,FRABELLE,ACTIVE
FRA,FRANK'S,ACTIVE
FRK,FRANKE,ACTIVE
FBK,FRANKLIN BAKER,ACTIVE
FRT,FRATELLI BERETTA,ACTIVE
FZB,FREEZER BURN,ACTIVE
FRC,FRENCH'S CLASSIC,ACTIVE
FBO,FRIBOI,ACTIVE
FRI,FRIGOR,ACTIVE
FMC,FRIMEC,ACTIVE
FIC,FRUITS IN CREAM,ACTIVE
FRU,FRUTOS,ACTIVE
FNP,FRY N POP,ACTIVE
FMX,FRYMAX,ACTIVE
FSL,FSL,ACTIVE
FDG,FUDONG,ACTIVE
FJI,FUJI,ACTIVE
FUJ,FUJIDENZO,ACTIVE
FUK,FUKUSHIMA,ACTIVE
FUS,FUSUN,ACTIVE
FTB,FUTABA,ACTIVE
GAB,GABAN,ACTIVE
GBN,GALBANI,ACTIVE
GAL,GALINCO,ACTIVE
GJM,GAO JI MODAOSHI,ACTIVE
GRD,GARDENIA,ACTIVE
GCK,GCOOKS,ACTIVE
GBW,GEBWARE,ACTIVE
GEL,GELITA,ACTIVE
GEM,GEM,ACTIVE
GEN,GENERAL ELECTRONIC,ACTIVE
GNM,GENERAL MASTER,ACTIVE
GNR,GENERIC,ACTIVE
GEW,GENICWARE,ACTIVE
GEO,GEOS,ACTIVE
GGO,GGOMI,ACTIVE
GHM,GHOME,ACTIVE
GBF,GIABELLA FOODS,ACTIVE
GIA,GIANNI NEGRINI,ACTIVE
GIE,GIESSER,ACTIVE
GIF,GIFFARD,ACTIVE
GNA,GINA,ACTIVE
GSM,GINEBRA SAN MIGUEL,ACTIVE
GIN,GINESTET,ACTIVE
GLK,GLASSLOCK,ACTIVE
GLN,GLENLIVET,ACTIVE
GLT,GLOBAL TEK,ACTIVE
GLB,GLOBE,ACTIVE
GGI,GOGI,ACTIVE
GML,GOLD MEDAL,ACTIVE
GCR,GOLDCREST,ACTIVE
GOB,GOLDEN BOAT,ACTIVE
GDC,GOLDEN CHAMP,ACTIVE
GLC,GOLDEN CROWN,ACTIVE
GOF,GOLDEN FARM,ACTIVE
GDH,GOLDEN HARVEST,ACTIVE
GDM,GOLDEN MANGOES,ACTIVE
GLV,GOLDEN VALLEY,ACTIVE
GDF,GOLDFISH,ACTIVE
GDL,GOOD LIFE,ACTIVE
GDS,GOOD SHEPERD,ACTIVE
G&G,GOOD&GOOD,ACTIVE
GOR,GORDON'S,ACTIVE
GRJ,GORENJE,ACTIVE
GOU,GOURDO'S,ACTIVE
GTS,GOURMET STEEL,ACTIVE
GYA,GOYA,ACTIVE
GRN,GRAND'OR,ACTIVE
GRA,GRANDE,ACTIVE
GRG,GREAT GLOVE,ACTIVE
GRT,GREAT TASTE,ACTIVE
GRE,GRECI,ACTIVE
GRC,GREEN CROSS,ACTIVE
GRM,GREENMAX,ACTIVE
GRY,GREY GOOSE,ACTIVE
GRP,GREY POUPON,ACTIVE
GVL,GROVIL,ACTIVE
GRO,GROWERS,ACTIVE
GDI,GRUPPO DOLCI,ACTIVE
GUL,GULDEN'S,ACTIVE
GLF,GULF TRADING,ACTIVE
GUD,GUY DEGRENNE,ACTIVE
GCH,GWANG CHEON HAEJEO,ACTIVE
GZH,GYOZA HOUSE,ACTIVE
GYU,GYUKUTOEN,ACTIVE
H&M,H&M,ACTIVE
HBT,HABITAT,ACTIVE
HAE,HAECHANDLE,ACTIVE
HPY,HAEPYO,ACTIVE
HGR,HAGOROMO,ACTIVE
HAI,HAI TAI,ACTIVE
HAK,HAKUBAKU,ACTIVE
HAL,HALLDE,ACTIVE
HAM,HAMASAEN,ACTIVE
HRB,HAN RIVER BRIDGE,ACTIVE
HBS,HANABISHI,ACTIVE
HNM,HANAMARUKEN,ACTIVE
HFS,HANAPOTAMUS FOOD SERVICES,ACTIVE
HNT,HANNITA,ACTIVE
HAN,HANVIT,ACTIVE
HAP,HAPPY,ACTIVE
HPD,HAPPY DAY,ACTIVE
HPV,HAPPY VALLEY,ACTIVE
HRO,HARIO,ACTIVE
H&S,HARNEY & SONS,ACTIVE
HRT,HARVEST,ACTIVE
HAC,HARVEST CIRCLE,ACTIVE
HAR,HARVESTER'S,ACTIVE
HRV,HARVESTIME,ACTIVE
HVY,HARVEY FRESH,ACTIVE
HTC,HATCO,ACTIVE
HTF,HATFIELD,ACTIVE
HAV,HAVAASIA,ACTIVE
HAW,HAW HAW,ACTIVE
HBW,HBW,ACTIVE
HCG,HCG,ACTIVE
HEA,HEALTHY CHEF,ACTIVE
HTY,HEARTY,ACTIVE
HKN,HEINEKEN,ACTIVE
HEI,HEINRICH,ACTIVE
HNZ,HEINZ,ACTIVE
HBG,HENG BING,ACTIVE
HNS,HENG SHUN,ACTIVE
HEP,HEPP,ACTIVE
HER,HERSHEY'S,ACTIVE
HMS,HIGASHIMARU SHOYU,ACTIVE
HIK,HIKVISION,ACTIVE
HIT,HILL TOP,ACTIVE
HIF,HILLFARM,ACTIVE
HLS,HILLS,ACTIVE
HIL,HILMAN,ACTIVE
HSM,HISAMITSU,ACTIVE
HSN,HISENSE,ACTIVE
HCH,HITACHI,ACTIVE
HNB,HITACHINO NEST BEER,ACTIVE
HLT,HLT,ACTIVE
HOB,HOBART,ACTIVE
HBL,HOBBY LIFE,ACTIVE
HOC,HOC GUAN,ACTIVE
HGN,HOEGAARDEN,ACTIVE
HDL,HOLD LOCK,ACTIVE
HMB,HOME BRAND,ACTIVE
HOM,HOME CHEF,ACTIVE
HOG,HOME GALLERY,ACTIVE
HME,HOME@HOME,ACTIVE
HNI,HONAI,ACTIVE
HON,HONEYWELL,ACTIVE
HOL,HONG LI,ACTIVE
HPE,HOPE,ACTIVE
HPL,HOPLA,ACTIVE
HRL,HORLICKS,ACTIVE
HSZ,HOSHIZAKI,ACTIVE
HOS,HOSONNI,ACTIVE
HOU,HOUSE BRAND,ACTIVE
HP0,HP,ACTIVE
HNY,HUAN YI,ACTIVE
HUA,HUAWEI,ACTIVE
HXN,HUAXUAN,ACTIVE
HUI,HUILE & AROME,ACTIVE
HUY,HUY FONG,ACTIVE
HWT,HW TAYLOR,ACTIVE
HDC,HYDRON CHEMICALS,ACTIVE
IBP,IBP,ACTIVE
ICL,ICEL,ACTIVE
ICT,ICETRO,ACTIVE
IDG,IDEAL GOURMET,ACTIVE
IGL,IGLOO,ACTIVE
ICK,IICHIKO,ACTIVE
IKE,IKEA,ACTIVE
IPG,IL POGGIO,ACTIVE
ILP,IL POGGIO DI VIGNETI,ACTIVE
ILR,IL ROCCOLO,ACTIVE
ILB,ILOILO BAY,ACTIVE
IMF,IMARFLEX,ACTIVE
IMY,IMC YEMAN,ACTIVE
IMG,IMG,ACTIVE
IGN,IMGANE,ACTIVE
IMP,IMPERIAL,ACTIVE
IND,INDCRESA,ACTIVE
IDF,INDOFINE,ACTIVE
ING,INGREDION,ACTIVE
INJ,INJOY,ACTIVE
IMD,INMED,ACTIVE
INV,INOVA,ACTIVE
INO,INOX,ACTIVE
INM,INPLUS MODERN,ACTIVE
INS,INSINKERATOR,ACTIVE
IOW,IOWA,ACTIVE
ISE,ISECURE,ACTIVE
ITC,ITC,ACTIVE
IVO,IVO,ACTIVE
IWT,IWATA,ACTIVE
IWA,IWATANI,ACTIVE
IZU,IZUMI,ACTIVE
J&J,J&J,ACTIVE
J&Y,J&Y,ACTIVE
JAD,JACK DANIEL'S,ACTIVE
JNJ,JACK N' JILL,ACTIVE
JAM,JAM'S,ACTIVE
JME,JAMESON,ACTIVE
JBP,JB PRODUCTS,ACTIVE
JBO,JBO,ACTIVE
JBT,JBTEC,ACTIVE
JC0,JC,ACTIVE
JED,JED,ACTIVE
JFD,JFDA,ACTIVE
JDB,JIA DUO BAO,ACTIVE
JIA,JIAGE,ACTIVE
JIE,JIEYI,ACTIVE
JIB,JIM BEAM,ACTIVE
JMC,JIMCU,ACTIVE
JNB,JING BAS,ACTIVE
JNR,JINRO,ACTIVE
JWN,JIWINS,ACTIVE
JJ0,JJ,ACTIVE
JOG,JOE GLO,ACTIVE
JOE,JOE'S BREW,ACTIVE
JOH,JOHN LEE,ACTIVE
JOW,JOHNNIE WALKER,ACTIVE
JHV,JOHNSONVILLE,ACTIVE
JOL,JOLLY,ACTIVE
JON,JONGGA,ACTIVE
JFR,JORDAN FARMS,ACTIVE
JOC,JOSE CUERVO,ACTIVE
JSH,JOSHUA,ACTIVE
JOY,JOY,ACTIVE
JSB,JSB,ACTIVE
JTC,JTC,ACTIVE
JUB,JUAN BREW,ACTIVE
JDG,JUDGE,ACTIVE
JMB,JUMBOLITA,ACTIVE
JVC,JVC,ACTIVE
KST,K-STAR,ACTIVE
KAD,KADOYA,ACTIVE
KAL,KALITA,ACTIVE
KAM,KAMABOKO,ACTIVE
KND,KANDS,ACTIVE
KAN,KANETORA,ACTIVE
KGA,KANGSA,ACTIVE
KAP,KAPP,ACTIVE
KRA,KARA,ACTIVE
KAR,KARI,ACTIVE
KRL,KARLEN'S,ACTIVE
KFP,KARUHATAN FOOD PRODUCT,ACTIVE
KAS,KASUGAI,ACTIVE
KAH,KATHERINE HILLS,ACTIVE
KPC,KATIPUNAN CRAFT,ACTIVE
KAW,KAWASAKI,ACTIVE
KAY,KAYUMANGGI,ACTIVE
KDK,KDK,ACTIVE
KEE,KEE'S,ACTIVE
KHN,KEIHIN,ACTIVE
KEL,KELLOGG'S,ACTIVE
KKA,KEM KANG,ACTIVE
KKU,KEMAL KURKER,ACTIVE
KNK,KENKO,ACTIVE
KEN,KENKUT,ACTIVE
KPI,KETSUP PINOY,ACTIVE
KET,KETTLE KORN,ACTIVE
KEM,KEVIN MURPHY,ACTIVE
KEV,KEVLER,ACTIVE
KWP,KEWPIE,ACTIVE
KIA,KIAN,ACTIVE
KIB,KIBUN,ACTIVE
KIK,KIKKOMAN,ACTIVE
KCO,KINCO,ACTIVE
KIE,KINDLY EGGS,ACTIVE
KNG,KING,ACTIVE
KAF,KING ARTHUR FLOUR,ACTIVE
KGS,KING SUE,ACTIVE
KNT,KINTO,ACTIVE
KIN,KINUGOSHI,ACTIVE
KRN,KIRIN,ACTIVE
KIT,KITAYAMA,ACTIVE
KAI,KITCHEN AID,ACTIVE
KIC,KITCHEN CLUB,ACTIVE
KTC,KITCHEN CRAFT,ACTIVE
KKG,KITCHEN KING,ACTIVE
KIM,KITCHEN MAGIC,ACTIVE
KMC,KITCHEN MALL CORPORATION,ACTIVE
KTM,KITCHEN MATE,ACTIVE
KSC,KITCHEN SUPERCENTER,ACTIVE
KIP,KITCHEN'S PRIDE,ACTIVE
KTP,KITCHENPRO,ACTIVE
KLK,KLEEN KANTEEN,ACTIVE
KLX,KLEENTEX,ACTIVE
KLI,KLIO,ACTIVE
KNR,KNORR,ACTIVE
KNX,KNOX,ACTIVE
KMX,KOMAX,ACTIVE
KNU,KONIU,ACTIVE
KOP,KOPIKO,ACTIVE
KOK,KOPY KAKE,ACTIVE
KOH,KOSHIHIGARU,ACTIVE
KRF,KRAFT,ACTIVE
KGR,KRUGER,ACTIVE
KRU,KRUPS,ACTIVE
KTR,KSTAR,ACTIVE
KT0,KT,ACTIVE
KTK,KTK,ACTIVE
KJK,KUJAKU,ACTIVE
KUN,KUNIHIRO,ACTIVE
K&A,KURVES & ANGLES,ACTIVE
KWC,KWEICHOW,ACTIVE
KWW,KWONG WING,ACTIVE
KYW,KYOWA,ACTIVE
LAC,LA CORVINIA,ACTIVE
LAG,LA GERMANIA,ACTIVE
LMZ,LA MARZOCCO,ACTIVE
LOP,LA OPERA,ACTIVE
LPC,LA PACITA,ACTIVE
LPZ,LA PEDRIZA,ACTIVE
LAP,LA PRINCEPESSA,ACTIVE
LAR,LA ROISE,ACTIVE
LTD,LA TERRA DEI SAIPORI,ACTIVE
LAU,LA UMBRA,ACTIVE
LPU,LA2PU,ACTIVE
LCR,LACOR,ACTIVE
LDC,LADY'S CHOICE,ACTIVE
LAL,LAL QUILLA,ACTIVE
LLA,LALA,ACTIVE
LAM,LAMADORO,ACTIVE
LMW,LAMBWESTON,ACTIVE
LND,LANDLITE,ACTIVE
LNL,LANELLE ABUEVA-FERNANDO POTTER,ACTIVE
LPD,LAPAD,ACTIVE
LAS,LASSAFRE,ACTIVE
LSO,LATTERIA SORRENTINA,ACTIVE
LCS,LAU CHOY SENG,ACTIVE
LRS,LAURAS,ACTIVE
LUR,LAURIAT,ACTIVE
LAV,LAV,ACTIVE
LVZ,LAVAZZA,ACTIVE
LET,LE CREUSET,ACTIVE
LFP,LE PARFAIT,ACTIVE
LPS,LE PETIT SOUFFLE,ACTIVE
L&P,LEA & PERINS,ACTIVE
LEC,LECSTON,ACTIVE
LKK,LEE KUM KEE,ACTIVE
LGN,LEGION,ACTIVE
LNV,LENOVO,ACTIVE
LRY,LEROY,ACTIVE
LAD,LES AMANDIERS,ACTIVE
LYD,LEYIDUO,ACTIVE
LYU,LIANYU,ACTIVE
LBY,LIBBEY,ACTIVE
LIB,LIBERTY FOODMART,ACTIVE
LTE,LIFETIME,ACTIVE
LIL,LILY'S,ACTIVE
LIN,LINDA,ACTIVE
LIO,LION,ACTIVE
LIC,LION CITY,ACTIVE
LIP,LIPPS,ACTIVE
LPT,LIPTON,ACTIVE
LPL,LITEPLUS,ACTIVE
LTC,LITTLE CANDY,ACTIVE
LTP,LITTLE PRINCESS,ACTIVE
LIV,LIVI,ACTIVE
LIX,LIXIN,ACTIVE
LM,LM,ACTIVE
L&L,LOCK & LOCK,ACTIVE
LDG,LODGE,ACTIVE
LRG,LORAGROO,ACTIVE
LOV,LOS VASCOS,ACTIVE
LOT,LOTTE,ACTIVE
LTS,LOTUS,ACTIVE
LFR,LOUIS FRANCOIS,ACTIVE
LSD,LSD,ACTIVE
LCN,LUCENDI,ACTIVE
LCT,LUCENT,ACTIVE
LUC,LUCKY ACE,ACTIVE
LME,LUCKY MELODY,ACTIVE
LUS,LUCKY STRIKE,ACTIVE
LUT,LUCKY THAILAND,ACTIVE
LUG,LUGANEGA,ACTIVE
LUM,LUMINARC,ACTIVE
LXN,LUXEN,ACTIVE
LZN,LUZERNE,ACTIVE
LYS,LYSOL,ACTIVE
MYS,M.Y. SAN,ACTIVE
MAC,MACHUCHUN,ACTIVE
MPM,MAEPRANOM,ACTIVE
MAG,MAGNOLIA,ACTIVE
MGC,MAGUCHI,ACTIVE
MAJ,MAJESTY,ACTIVE
MKP,MAKAPAL,ACTIVE
MAM,MAKER'S MARK,ACTIVE
MKT,MAKITA,ACTIVE
MKO,MAKOTO,ACTIVE
MLD,MALDIVE,ACTIVE
MAL,MALING,ACTIVE
MMA,MAMA,ACTIVE
MAS,MAMA SITA'S,ACTIVE
MYY,MAN YUE YUAN,ACTIVE
MNA,MANA,ACTIVE
MAD,MANCHA DORADA,ACTIVE
MNW,MANIWOTOC,ACTIVE
MAN,MANTEN,ACTIVE
MPD,MAPED,ACTIVE
MPL,MAPLE LEAF,ACTIVE
MRB,MARBLE,ACTIVE
MBY,MARBY,ACTIVE
MCL,MARCA LEON,ACTIVE
MCP,MARCA PIÑA,ACTIVE
MLO,MARCELO,ACTIVE
MPO,MARCO POLO,ACTIVE
MRN,MARENO,ACTIVE
MRI,MARINER,ACTIVE
MRO,MARISCO,ACTIVE
MKB,MARKENBURG,ACTIVE
MGR,MARKET GARDEN,ACTIVE
M&S,MARKS&SPENCER,ACTIVE
MAT,MARTINI,ACTIVE
MRK,MARUKOME,ACTIVE
MRY,MARUMIYA,ACTIVE
MAR,MARUMOTO,ACTIVE
MPN,MARUPIN,ACTIVE
MRZ,MARUZEN,ACTIVE
MFX,MASFLEX,ACTIVE
MSR,MASTER,ACTIVE
MSC,MASTER CHEF,ACTIVE
MTF,MASTERFOODS,ACTIVE
MDA,MASUDA-EN,ACTIVE
MAX,MAXEE,ACTIVE
M&C,MAY & CHRISTIE,ACTIVE
MYA,MAYA,ACTIVE
MFR,MAYFAIR,ACTIVE
MYN,MAYON,ACTIVE
MAY,MAYURA,ACTIVE
MAZ,MAZZA,ACTIVE
MZR,MAZZER,ACTIVE
MCA,MCCAIN,ACTIVE
MCC,MCCORMICK,ACTIVE
MCU,MCCORMICK CULINARY,ACTIVE
MCG,MCGUIGAN,ACTIVE
MCV,MCVITIE'S,ACTIVE
MDH,MDH,ACTIVE
MCH,ME CHUA,ACTIVE
MDW,MEADOW,ACTIVE
MEA,MEANWELL,ACTIVE
MEC,MEC3,ACTIVE
MCO,MECO,ACTIVE
MED,MED AID,ACTIVE
MDP,MEDIPLAST,ACTIVE
MEW,MEGA WARE,ACTIVE
MGB,MEGABOX,ACTIVE
MGS,MEGASTAR,ACTIVE
MGW,MEGAWARE,ACTIVE
MEJ,MEIJI,ACTIVE
MLW,MELAWARE,ACTIVE
MEL,MELINI,ACTIVE
MLT,MELTIQUE,ACTIVE
MMK,MEMBER'S MARK,ACTIVE
MEN,MENA,ACTIVE
MER,MERRY MOO,ACTIVE
MTL,METALTEX,ACTIVE
MET,METRO,ACTIVE
MTS,METS,ACTIVE
MYR,MEYER,ACTIVE
MKG,MEZA KING,ACTIVE
MIC,MICHELLE'S GOLDEN,ACTIVE
MCR,MICROPLANE,ACTIVE
MDF,MIDFIELD,ACTIVE
MWS,MIDWEST,ACTIVE
MIW,MIGHTY WRAP,ACTIVE
MLK,MILKANA,ACTIVE
MLB,MILKLAB,ACTIVE
MLM,MILMAR,ACTIVE
MIN,MINERVA,ACTIVE
MTM,MINUTE MAID,ACTIVE
MRC,MIRACLE,ACTIVE
MRM,MIRAMAR,ACTIVE
MIT,MITSUBISHI,ACTIVE
MKN,MITSUKAN,ACTIVE
MIY,MIYAMI,ACTIVE
MZK,MIZKAN,ACTIVE
MLH,ML HOUSEWARE,ACTIVE
MOL,MOLINERA,ACTIVE
MLN,MOLINI PIZZUTI,ACTIVE
MMY,MOMOYA,ACTIVE
MNM,MONAMI,ACTIVE
MGL,MONGOL,ACTIVE
MON,MONIN,ACTIVE
MTN,MONTANA,ACTIVE
MNT,MONTEREY,ACTIVE
MOO,MOONDANCE,ACTIVE
MRH,MOREHOUSE,ACTIVE
MFN,MORETTI FORNI,ACTIVE
MOR,MORINAGA,ACTIVE
MOS,MOSA,ACTIVE
MOU,MOULINEX,ACTIVE
MBD,MR BENSDORP,ACTIVE
MRD,MR. DELICIOUS,ACTIVE
MRP,MR. PARKS BREAD & CAFE,ACTIVE
MRL,MRS. LAM,ACTIVE
MSD,MSD,ACTIVE
MFJ,MT.FUJI,ACTIVE
MUA,MUA YU,ACTIVE
MUY,MUAYU,ACTIVE
MUJ,MUJI,ACTIVE
MUC,MULTIPLE CHOICE,ACTIVE
MUN,MUNCHER,ACTIVE
MYE,MY EVERYDAY,ACTIVE
MYK,MY KITCHEN,ACTIVE
MRS,MYER'S,ACTIVE
NBD,NABID,ACTIVE
NAB,NABISCO,ACTIVE
NAK,NACHO KING,ACTIVE
NAG,NAGA ROSSA,ACTIVE
NKM,NAKAMO,ACTIVE
NPL,NAPOLEON,ACTIVE
NAP,NAPOLI,ACTIVE
NAR,NARCISSUS,ACTIVE
NTO,NATIONAL,ACTIVE
NAT,NATURE'S,ACTIVE
NTS,NATURE'S SPRING,ACTIVE
NAV,NAVARRO'S,ACTIVE
NEB,NEBRASKA,ACTIVE
NEC,NEC,ACTIVE
NKO,NEKO,ACTIVE
NEM,NEMCO,ACTIVE
NEF,NEOFLAM,ACTIVE
NEO,NEOFREEZE,ACTIVE
NSC,NESCAFE,ACTIVE
NES,NESPRESSO,ACTIVE
NTE,NESTEA,ACTIVE
NST,NESTLE,ACTIVE
NGL,NEUGEL,ACTIVE
NEU,NEUMARKER,ACTIVE
NFH,NEW FLAVOR HOUSE,ACTIVE
HAT,NEW HATCHIN,ACTIVE
NHZ,NEW HAZEL NUTS BAKERY,ACTIVE
NSK,NEW SIN KIAN,ACTIVE
NEW,NEW WONDER,ACTIVE
NYB,NEW YORK BLOWER,ACTIVE
NWZ,NEW ZEALAND,ACTIVE
NCO,NICO-NICO,ACTIVE
NIN,NINGPO,ACTIVE
NIB,NIPA BREW,ACTIVE
NPN,NIPPON,ACTIVE
NHR,NISHIHARA SHOKAI,ACTIVE
NSH,NISHIN,ACTIVE
NIT,NITORI,ACTIVE
NNM,NONGMIN,ACTIVE
NPR,NORPRO,ACTIVE
NOR,NORTINDAL,ACTIVE
NWF,NORWEGIAN FJORD,ACTIVE
NOS,NOSTALGIA,ACTIVE
NTL,NUTELLA,ACTIVE
NTX,NUTEX,ACTIVE
NUV,NUTIVA,ACTIVE
NTR,NUTRI RICE,ACTIVE
NTF,NUTRIFINDS,ACTIVE
OAK,OAKEY,ACTIVE
OBA,OBA,ACTIVE
OCN,OCEAN,ACTIVE
OSY,OCEAN SPRAY,ACTIVE
OEM,OEM,ACTIVE
OIS,OISHI,ACTIVE
OFI,OLEO-FATS INC.,ACTIVE
OLO,OLMEDA OREGENES,ACTIVE
OMH,OMAHA,ACTIVE
OMA,OMAI,ACTIVE
OMG,OMEGA,ACTIVE
OMN,OMNI,ACTIVE
OMP,OMPASS,ACTIVE
ONW,ONE WAY,ACTIVE
ONE,ONEIDA,ACTIVE
ORC,ORCHID,ACTIVE
ORG,OREGON,ACTIVE
ORN,ORGANIC EDAMAME,ACTIVE
ORI,ORION,ACTIVE
ORO,OROCAN,ACTIVE
OST,OSTER,ACTIVE
OTA,OTAFUKU,ACTIVE
OTT,OTTOGI,ACTIVE
OUH,OUR HOME,ACTIVE
OUT,OUTSET,ACTIVE
OVL,OVALTINE,ACTIVE
OZK,OZAKI,ACTIVE
OZE,OZEKI,ACTIVE
P&T,P&T ROYAL WARE,ACTIVE
PBY,PACIFIC BAY,ACTIVE
PCF,PACIFIC FARMS,ACTIVE
PME,PACIFIC MOON ENTERPRISES,ACTIVE
PLW,PALAWENO BREWERY,ACTIVE
PAL,PALLO,ACTIVE
PAM,PAM,ACTIVE
PMP,PAMPAS,ACTIVE
PNS,PANASONIC,ACTIVE
PND,PANDA,ACTIVE
PNM,PANORAMA,ACTIVE
PAN,PANTAI,ACTIVE
PNT,PANTHER,ACTIVE
PAE,PAO EXPRESS,ACTIVE
PAP,PAPA,ACTIVE
PAA,PAPA ALFREDO,ACTIVE
PRG,PARMEGIANO REGGIANO,ACTIVE
PAR,PARTNERS,ACTIVE
PSB,PASABACHE,ACTIVE
PAS,PASCUAL,ACTIVE
PLO,PASTA LORI,ACTIVE
PAT,PATEL,ACTIVE
PTL,PATELA,ACTIVE
PTN,PATRON,ACTIVE
PLN,PAULANEER,ACTIVE
PCB,PCB CREATION,ACTIVE
PEA,PEACOCK,ACTIVE
PRV,PEARL RIVER,ACTIVE
PDR,PEDRO,ACTIVE
PEO,PEOTRACO,ACTIVE
PEP,PEPSI,ACTIVE
PER,PERIS,ACTIVE
PRN,PERONI,ACTIVE
PIR,PERRIER,ACTIVE
PTR,PETER,ACTIVE
PFE,PFEUFFER'S,ACTIVE
PFZ,PFIZER,ACTIVE
PHB,PHILIPPINE BRAND,ACTIVE
PHI,PHILIPS,ACTIVE
PNX,PHOENIX,ACTIVE
PHO,PHOTTIX,ACTIVE
PCL,PIACELLI,ACTIVE
PIC,PICONERA,ACTIVE
717,PIER 717,ACTIVE
PIL,PILOT,ACTIVE
PIM,PIMM'S,ACTIVE
PNC,PINCHU,ACTIVE
PBC,PINOT BLANC,ACTIVE
PIO,PIONEER,ACTIVE
PLE,PLEDGE,ACTIVE
PDQ,POGGIO DELLA QUERCIA,ACTIVE
POL,POLYSCIENCE,ACTIVE
POP,POPPEROO,ACTIVE
PST,POST,ACTIVE
POS,POSTEK,ACTIVE
POT,POTCHI,ACTIVE
PRT,PRACTICA,ACTIVE
PMR,PREMIER,ACTIVE
PMM,PREMIER MILLENIUM,ACTIVE
PRE,PREMIUM,ACTIVE
PMS,PRIMA TASTE,ACTIVE
POE,PRIME ORGANICS EMPEROR,ACTIVE
PRM,PRIMERA,ACTIVE
PRI,PRIMO,ACTIVE
PRC,PROCOOK,ACTIVE
PUJ,PUJADAS,ACTIVE
PUR,PURATOS,ACTIVE
P&B,PURE & BEST,ACTIVE
P&P,PURE & PREMIUM,ACTIVE
PRA,PURE RAY,ACTIVE
PUV,PURE VALUE,ACTIVE
PRF,PUREFOODS,ACTIVE
PVC,PVC,ACTIVE
PYR,PYREX,ACTIVE
QPA,Q PACK,ACTIVE
QIQ,QI QUAN,ACTIVE
QKR,QUAKER,ACTIVE
QRT,QUARTET,ACTIVE
QUE,QUEENSLAND,ACTIVE
QUS,QUES-O,ACTIVE
RLP,R. LAPIDS,ACTIVE
RBT,RABBIT,ACTIVE
RAM,RAM,ACTIVE
RMO,RAMBO,ACTIVE
RMR,RAMIRANA,ACTIVE
RTW,RATTLEWARE,ACTIVE
RVN,RAVEN,ACTIVE
RCR,RCR,ACTIVE
REA,REAL,ACTIVE
REF,REAL FORMAGGI,ACTIVE
RSC,RECESSION COFFEE,ACTIVE
RED,RED SEAL,ACTIVE
RDS,RED STAR,ACTIVE
RET,RED TULIP,ACTIVE
RSE,REESE'S,ACTIVE
REN,REGENCY NATURALS,ACTIVE
RPU,REIPU,ACTIVE
RNO,RENO,ACTIVE
RES,RESTOSERVE,ACTIVE
RVL,REVOL,ACTIVE
REW,REWRITE,ACTIVE
RHE,RHEA,ACTIVE
RIC,RICOA,ACTIVE
RCV,RICOVIS,ACTIVE
RIG,RIGHTCARE,ACTIVE
RNI,RINNAI,ACTIVE
RIS,RISTORIS,ACTIVE
RTZ,RITZ,ACTIVE
RMB,RM BOX CENTER,ACTIVE
RNS,RNSC,ACTIVE
RRG,ROBERT GREEN,ACTIVE
RBF,ROBINA FARMS,ACTIVE
RBO,ROBO,ACTIVE
RBC,ROBOT COUPE,ACTIVE
RSR,ROCK STAR,ACTIVE
RFE,ROCKET FROG ENTERPRISE,ACTIVE
RCK,ROCKSTONE,ACTIVE
RSS,ROGERS SIAMESE,ACTIVE
RUM,ROGNONI UMBERTO,ACTIVE
RLG,ROLD GOLD,ACTIVE
ROL,ROLLER GRILL,ACTIVE
RON,RONGXIN,ACTIVE
ROS,ROSA,ACTIVE
RSW,ROSEWOOD,ACTIVE
RTE,ROSSETTE,ACTIVE
RST,ROSSETTI,ACTIVE
RTR,ROTOR,ACTIVE
ROG,ROUGIE,ACTIVE
ROA,ROW ANN,ACTIVE
ROY,ROYAL,ACTIVE
RAC,ROYAL ACE,ACTIVE
RAY,ROYAL ADDERLEY,ACTIVE
ROC,ROYAL CROWN,ACTIVE
RCC,ROYAL CROWN COLA,ACTIVE
RYI,ROYAL INGREDIENTS,ACTIVE
RNW,ROYAL NORWEGIAN,ACTIVE
RPN,ROYAL PORCELAIN,ACTIVE
RYL,ROYAL TERN,ACTIVE
RYT,ROYAL TRU,ACTIVE
ROV,ROYAL VICTORIA,ACTIVE
RCF,ROYALE CHEF,ACTIVE
RYU,ROYU,ACTIVE
RP0,RP,ACTIVE
RBR,RUBBERMAID,ACTIVE
RYS,RUEY SHING,ACTIVE
RFL,RUFFLES,ACTIVE
RUS,RUSSIAN STANDARD,ACTIVE
RYJ,RYJ,ACTIVE
S&B,S&B,ACTIVE
S&R,S&R,ACTIVE
S&W,S&W,ACTIVE
SAB,SABA,ACTIVE
SAT,SABAROT,ACTIVE
SFW,SAFE WEAR,ACTIVE
SAJ,SAJO,ACTIVE
SKR,SAKURA,ACTIVE
SLT,SALAD TIME,ACTIVE
SDC,SALINA DE CERVIA,ACTIVE
SLK,SALT'S KITCHEN,ACTIVE
SKW,SAMKWANG,ACTIVE
SSG,SAMSUNG,ACTIVE
SAM,SAN MARZANO,ACTIVE
SMG,SAN MIGUEL,ACTIVE
SNG,SAN NENG BAKEWARE,ACTIVE
SPL,SAN PELLEGRINO,ACTIVE
SRM,SAN REMO,ACTIVE
SCO,SANI COOK,ACTIVE
SAN,SANKO,ACTIVE
SNF,SANOFI,ACTIVE
SNT,SANTINI,ACTIVE
SAD,SANTIS DELICATESSEN,ACTIVE
STS,SANTOS,ACTIVE
SNU,SANUS,ACTIVE
SAP,SAPPORO,ACTIVE
SRV,SARAVIA,ACTIVE
SRS,SARSI,ACTIVE
SCM,SAUCE MASTER,ACTIVE
SCZ,SCHOTT ZWIESEL,ACTIVE
SCW,SCHWEPPES,ACTIVE
SBE,SCOTCH BRITE,ACTIVE
SCH,SCOUT'S HONOR,ACTIVE
SEB,SEA BASKET,ACTIVE
SGT,SEAGATE,ACTIVE
SEA,SEAGULL,ACTIVE
SRA,SEARA,ACTIVE
SEG,SEGATA,ACTIVE
SEL,SELBOURNE,ACTIVE
SLC,SELECTA,ACTIVE
SMP,SEMPIO,ACTIVE
SEJ,SEN JU,ACTIVE
SDM,SEÑORIO DE MONTANERA,ACTIVE
SEN,SENTRY SAFE,ACTIVE
SRG,SERGEANT,ACTIVE
SVR,SERVER,ACTIVE
SVS,SEVENSEA,ACTIVE
SVL,SEVILLA,ACTIVE
SEV,SEVILLE CLASSICS,ACTIVE
SHN,SHAN,ACTIVE
SHX,SHAO XING,ACTIVE
SHR,SHARP,ACTIVE
SHL,SHIELD,ACTIVE
SHT,SHIMAMOTO,ACTIVE
SHI,SHIMAYA,ACTIVE
SHK,SHIRAKIKU,ACTIVE
SFC,SHOES FOR CREWS,ACTIVE
SHW,SHOWA,ACTIVE
SHU,SHUNTA,ACTIVE
SCY,SICOLY,ACTIVE
SLM,SILIKOMART,ACTIVE
SIL,SILK,ACTIVE
SLP,SILPAT,ACTIVE
SVN,SILVANO,ACTIVE
SVC,SILVER CREEK,ACTIVE
SSW,SILVER SWAN,ACTIVE
SIM,SIMPLOT,ACTIVE
SCR,SIMPLY CEREAL,ACTIVE
SIG,SINGANE,ACTIVE
SIN,SINMAG,ACTIVE
SGL,SINOGLASS,ACTIVE
SIF,SIOMAI FACTORY,ACTIVE
SIP,SIPAHH,ACTIVE
SIT,SITSIRYA,ACTIVE
SKP,SKIPPY,ACTIVE
SLQ,SLIQUE,ACTIVE
SMB,SM BONUS,ACTIVE
SMS,SM SUPERMALLS,ACTIVE
SMR,SMART,ACTIVE
SMA,SMART COOK,ACTIVE
SMT,SMART SENSOR,ACTIVE
SMY,SMARTY,ACTIVE
SJS,SMOKING J'S,ACTIVE
SMC,SMUCKER'S,ACTIVE
SRF,SNAKE RIVER FARMS,ACTIVE
SNM,SNOWMAN,ACTIVE
SFT,SOFTEE,ACTIVE
SOL,SOLAREC,ACTIVE
SCS,SOLECASA,ACTIVE
SMW,SOMEWARE,ACTIVE
SNC,SONIC,ACTIVE
SON,SONIFER,ACTIVE
SOO,SONOS,ACTIVE
SOS,SOSA,ACTIVE
SOA,SOUND ACOUSTICS,ACTIVE
SOK,SOY KINGDOM,ACTIVE
SFR,SOYFRESH,ACTIVE
SPM,SPAM,ACTIVE
SAR,SPAR,ACTIVE
SPK,SPARK-L,ACTIVE
SPA,SPARKLE,ACTIVE
SPT,SPARTTA,ACTIVE
SPY,SPEEDY,ACTIVE
SPI,SPICES OF INDIA,ACTIVE
SRL,SPIRAL,ACTIVE
SPD,SPLENDA,ACTIVE
S4U,SQUEEZED 4 U,ACTIVE
ADR,ST. ANDREWS,ACTIVE
STH,ST. HELEN,ACTIVE
STD,STAEDLER,ACTIVE
SFF,STAFF,ACTIVE
S&S,STANFORD & SHAW,ACTIVE
STN,STANLEY,ACTIVE
S&P,STAPLE & PERKS,ACTIVE
STR,STAR,ACTIVE
STP,STAR PRODUCTS,ACTIVE
SRN,STAR RANCH,ACTIVE
STF,STARFOOD,ACTIVE
STA,STARK,ACTIVE
SRR,STARR,ACTIVE
STL,STEELITE,ACTIVE
SKI,STEKI,ACTIVE
SLL,STELLA,ACTIVE
STG,STERILGARDA,ACTIVE
SRT,STERILITE,ACTIVE
STE,STIEBEL ELTRON,ACTIVE
STI,STIL,ACTIVE
STK,STOCKEL,ACTIVE
STO,STOLICHNAYA,ACTIVE
STZ,STOLZLE,ACTIVE
SUC,SUCRAMIA,ACTIVE
SGH,SUGARHOUSE,ACTIVE
SUK,SUKINA,ACTIVE
SUQ,SUN QUICK,ACTIVE
SBM,SUNBEAM,ACTIVE
SBR,SUNBURST,ACTIVE
SFL,SUNFLOWER,ACTIVE
SNK,SUNKIST,ACTIVE
SNL,SUNLIGHT,ACTIVE
SUM,SUNMAID,ACTIVE
SMN,SUNMON,ACTIVE
SNX,SUNNEX,ACTIVE
SNY,SUNNY,ACTIVE
SNS,SUNNY SELECT,ACTIVE
SUN,SUNNYSIDE,ACTIVE
SNW,SUNNYWARE,ACTIVE
SSR,SUNSTAR,ACTIVE
STY,SUNTORY,ACTIVE
SCA,SUPER CANDIES,ACTIVE
SYK,SUPER YUKO,ACTIVE
SCF,SUPERCHEF,ACTIVE
SPR,SUPERIOR,ACTIVE
SUL,SUPERIOR LEROY,ACTIVE
STX,SUPERSTIXX,ACTIVE
SPC,SUPREME CHEF,ACTIVE
SBY,SURE BUY,ACTIVE
SUR,SURESTEP,ACTIVE
SUI,SURIOL,ACTIVE
SUB,SUSANA BALBO,ACTIVE
SVE,SVEBA DAHLEN,ACTIVE
SWB,SWEET BABY RAY'S,ACTIVE
SWT,SWEETLINK,ACTIVE
SWF,SWIFT,ACTIVE
SAW,SWING-A-WAY,ACTIVE
SWI,SWISSMAR,ACTIVE
SXT,SXT,ACTIVE
SAC,SYNC AND CHARGE,ACTIVE
TAB,TABASCO,ACTIVE
TBC,TABLECRAFT,ACTIVE
TAH,TAI HUA,ACTIVE
TWN,TAIWAN,ACTIVE
TWA,TAIWAN ARIAKE,ACTIVE
TAK,TAKUMI,ACTIVE
TAM,TAMAIOASA,ACTIVE
TMI,TAMI,ACTIVE
TAN,TANCHUNGHO,ACTIVE
TDY,TANDUAY,ACTIVE
TAT,TANITA,ACTIVE
TQY,TANQUERAY,ACTIVE
TAP,TAPERAN,ACTIVE
TRZ,TARZAN,ACTIVE
TSN,TASTE NIRVANA,ACTIVE
TAU,TAURUS,ACTIVE
TAY,TAYLOR,ACTIVE
TCL,TCL,ACTIVE
TGM,TEAN'S GOURMET,ACTIVE
TEC,TECO,ACTIVE
TMG,TEHMAG,ACTIVE
TNT,TEN REN TEA,ACTIVE
TEP,TEPPEN,ACTIVE
TSC,TESCO,ACTIVE
TES,TESCOMA,ACTIVE
TSO,TESTO,ACTIVE
THR,THAI HERITAGE,ACTIVE
TBF,THE BEEF,ACTIVE
TPC,THE PERFECT CHOICE,ACTIVE
TVC,THE VANILLA COMPANY,ACTIVE
THO,THOR,ACTIVE
TTR,THREE TREE,ACTIVE
TFY,TIFFANY'S,ACTIVE
TIG,TIGER,ACTIVE
THW,TIONG HWA,ACTIVE
TIP,TIPAROS,ACTIVE
TOA,TOASTMASTER,ACTIVE
TOB,TOBI,ACTIVE
TMY,TOMY,ACTIVE
TKT,TONKITA,ACTIVE
TON,TONS,ACTIVE
TOP,TOP 1 CHOICE,ACTIVE
TCF,TOP CHEF DESSERT SELECTION,ACTIVE
TNI,TORANI,ACTIVE
TOR,TORCHIO ANTICO,ACTIVE
TOS,TOSKA,ACTIVE
TTT,TOSTITOS,ACTIVE
TOT,TOTO,ACTIVE
TOM,TOUCH MAMA,ACTIVE
TOU,TOUCHSTONE CLASSIC,ACTIVE
TOV,TOVOLO,ACTIVE
TPL,TP-LINK,ACTIVE
TCH,TRACHANG,ACTIVE
TRA,TRAMONTINA,ACTIVE
TRN,TRANSPHIL,ACTIVE
TSL,TRE STELLE,ACTIVE
TRF,TRENTON FARMS,ACTIVE
TBD,TRIBID,ACTIVE
TGB,TRIGO BAKESHOP,ACTIVE
TRO,TROLLI,ACTIVE
TTM,TRU TEMP,ACTIVE
TRD,TRUDEAU,ACTIVE
TRE,TRUE,ACTIVE
TRL,TRUE LIVING,ACTIVE
TRU,TRUST,ACTIVE
TDC,TSAI DYNAMIC,ACTIVE
TST,TSINGTAO,ACTIVE
TUP,TULIP,ACTIVE
TLZ,TULZ,ACTIVE
TUW,TURNING WHEELS,ACTIVE
TUS,TUSCAN FIELDS,ACTIVE
TWI,TWININGS,ACTIVE
TPA,TYPE A,ACTIVE
TZY,TZYCHUAN,ACTIVE
UFC,UFC,ACTIVE
UKO,UK OFFICE,ACTIVE
ULE,ULEYA,ACTIVE
ULB,UNILAB,ACTIVE
UNL,UNILAC,ACTIVE
UNG,UNION GLASSWARE,ACTIVE
UQL,UNIQLO,ACTIVE
UNI,UNISTO,ACTIVE
UAC,UNIVERSAL APA CORPORATION,ACTIVE
UNX,UNOX,ACTIVE
UPI,UPDATE INTERNATIONAL,ACTIVE
UTX,URATEX,ACTIVE
URK,URBAN KITCHEN,ACTIVE
UTA,UTAMA,ACTIVE
VAL,VALIANT,ACTIVE
VLJ,VALLEJO,ACTIVE
VLR,VALRHONA,ACTIVE
VAN,VANHAWK,ACTIVE
VNC,VANILLA CO.,ACTIVE
VEC,VECTOTHOR,ACTIVE
VNX,VENIX,ACTIVE
VNT,VENTURA,ACTIVE
VRK,VERKA,ACTIVE
VRM,VERMICELLI,ACTIVE
VIC,VICTORIA,ACTIVE
VIE,VIEBIEMME,ACTIVE
VKN,VIKING,ACTIVE
VIG,VILLA GIRARDI,ACTIVE
VIL,VILUX,ACTIVE
VIN,VINTEC,ACTIVE
VFI,VIRGINIA FOOD,ACTIVE
VIT,VITA COCO,ACTIVE
VTM,VITAMIX,ACTIVE
VIS,VITASOY,ACTIVE
VVA,VIVA,ACTIVE
VVO,VIVO,ACTIVE
VLN,VLN,ACTIVE
VOL,VOLLRATH,ACTIVE
VLC,VULCAN,ACTIVE
WSH,WALSH,ACTIVE
WNG,WANG,ACTIVE
WRG,WARUNG,ACTIVE
WEI,WEI WEI,ACTIVE
WLC,WELCH'S,ACTIVE
WEL,WELLINGTON,ACTIVE
WLS,WELSHINE,ACTIVE
WWI,WEN WEI,ACTIVE
WED,WESTERN DIGITAL,ACTIVE
WLN,WHALEN,ACTIVE
WHR,WHIRLPOOL,ACTIVE
WLP,WIL-PACK,ACTIVE
WIS,WIL'S,ACTIVE
WIT,WILD TURKEY,ACTIVE
WLK,WILKINS,ACTIVE
WIL,WILLY FARMS,ACTIVE
WMX,WILMAX,ACTIVE
WSN,WILSON,ACTIVE
WTN,WILTON,ACTIVE
WLT,WILTSHIRE,ACTIVE
WOH,WING ON HO,ACTIVE
WNK,WINK,ACTIVE
WDS,WOODEN SPOON,ACTIVE
WHD,WOODHEAD,ACTIVE
WMT,WOOMTREE,ACTIVE
WOO,WOONGJIN,ACTIVE
WKD,WORKDESK COFFEE,ACTIVE
WKS,WORKSHOP,ACTIVE
WOU,WORLD ULTIMA,ACTIVE
WRI,WRIGHT,ACTIVE
WUS,WUSTHOF,ACTIVE
XEN,XENON,ACTIVE
XIC,XIN CHENG,ACTIVE
YCH,YA CHOU,ACTIVE
YAK,YAKULT,ACTIVE
YLE,YALE,ACTIVE
YMH,YAMAHIDE,ACTIVE
YAM,YAMAKI,ACTIVE
YMS,YAMASA,ACTIVE
YMT,YAMATO,ACTIVE
YGF,YANG FAN,ACTIVE
YRD,YARDSTICK,ACTIVE
YBR,YBARRA,ACTIVE
YSU,YMS USUKUCHI,ACTIVE
YNO,YONBO,ACTIVE
YRK,YORK,ACTIVE
YRS,YORKSHIRE,ACTIVE
YOU,YOUKI,ACTIVE
YON,YOUNGNUO,ACTIVE
YUH,YUAN-HE,ACTIVE
YKW,YUKIWA,ACTIVE
YUN,YUNG XING,ACTIVE
YZY,YUZUYA,ACTIVE
ZNT,ZANETTI,ACTIVE
ZBR,ZEBRA,ACTIVE
ZLN,ZEELANDIA,ACTIVE
ZEN,ZEN,ACTIVE
ZTH,ZENITH,ACTIVE
ZNN,ZENON,ACTIVE
ZST,ZEST-O,ACTIVE
ZHA,ZHAO SHENG,ACTIVE
ZHJ,ZHENJIANG,ACTIVE
ZKT,ZK TECO,ACTIVE
ZOT,ZOTT,ACTIVE
